user_id,skill_sequence,reward,state,action,next_state,done
0,[np.int64(16)],24.388954878874742,,16,16,False
0,"[np.int64(16), np.int64(136)]",45.54510158331833,16,136,16_136,False
0,"[np.int64(16), np.int64(136), np.int64(83)]",28.720737395036473,16_136,83,16_136_83,False
0,"[np.int64(16), np.int64(136), np.int64(83), np.int64(44)]",14.884148151799625,16_136_83,44,16_136_83_44,False
0,"[np.int64(16), np.int64(136), np.int64(83), np.int64(44), np.int64(65)]",45.82107062798407,16_136_83_44,65,16_136_83_44_65,False
0,"[np.int64(16), np.int64(136), np.int64(83), np.int64(44), np.int64(65), np.int64(31)]",37.09297900326766,16_136_83_44_65,31,16_136_83_44_65_31,False
0,"[np.int64(16), np.int64(136), np.int64(83), np.int64(44), np.int64(65), np.int64(31), np.int64(44)]",2.0005352667648557,16_136_83_44_65_31,44,16_136_83_44_65_31_44,False
0,"[np.int64(16), np.int64(136), np.int64(83), np.int64(44), np.int64(65), np.int64(31), np.int64(44), np.int64(8)]",-2.149458319070814,16_136_83_44_65_31_44,8,16_136_83_44_65_31_44_8,False
0,"[np.int64(16), np.int64(136), np.int64(83), np.int64(44), np.int64(65), np.int64(31), np.int64(44), np.int64(8), np.int64(29)]",30.54869814456398,16_136_83_44_65_31_44_8,29,16_136_83_44_65_31_44_8_29,False
0,"[np.int64(16), np.int64(136), np.int64(83), np.int64(44), np.int64(65), np.int64(31), np.int64(44), np.int64(8), np.int64(29), np.int64(83)]",23.592989934619027,16_136_83_44_65_31_44_8_29,83,16_136_83_44_65_31_44_8_29_83,True
1,[np.int64(134)],47.426425760003085,,134,134,False
1,"[np.int64(134), np.int64(140)]",31.807730837860476,134,140,134_140,False
1,"[np.int64(134), np.int64(140), np.int64(195)]",25.761809656988067,134_140,195,134_140_195,False
1,"[np.int64(134), np.int64(140), np.int64(195), np.int64(42)]",17.623170540502436,134_140_195,42,134_140_195_42,False
1,"[np.int64(134), np.int64(140), np.int64(195), np.int64(42), np.int64(56)]",11.864591959724196,134_140_195_42,56,134_140_195_42_56,False
1,"[np.int64(134), np.int64(140), np.int64(195), np.int64(42), np.int64(56), np.int64(163)]",11.180285058310176,134_140_195_42_56,163,134_140_195_42_56_163,False
1,"[np.int64(134), np.int64(140), np.int64(195), np.int64(42), np.int64(56), np.int64(163), np.int64(141)]",28.182362342575434,134_140_195_42_56_163,141,134_140_195_42_56_163_141,False
1,"[np.int64(134), np.int64(140), np.int64(195), np.int64(42), np.int64(56), np.int64(163), np.int64(141), np.int64(71)]",35.07638701626475,134_140_195_42_56_163_141,71,134_140_195_42_56_163_141_71,False
1,"[np.int64(134), np.int64(140), np.int64(195), np.int64(42), np.int64(56), np.int64(163), np.int64(141), np.int64(71), np.int64(26)]",30.711024169064864,134_140_195_42_56_163_141_71,26,134_140_195_42_56_163_141_71_26,False
1,"[np.int64(134), np.int64(140), np.int64(195), np.int64(42), np.int64(56), np.int64(163), np.int64(141), np.int64(71), np.int64(26), np.int64(127)]",1.9046060716137636,134_140_195_42_56_163_141_71_26,127,134_140_195_42_56_163_141_71_26_127,True
2,[np.int64(146)],14.560695252943557,,146,146,False
2,"[np.int64(146), np.int64(156)]",43.72476267165314,146,156,146_156,False
2,"[np.int64(146), np.int64(156), np.int64(115)]",-0.2459758801912848,146_156,115,146_156_115,False
2,"[np.int64(146), np.int64(156), np.int64(115), np.int64(178)]",49.730986915419486,146_156_115,178,146_156_115_178,False
2,"[np.int64(146), np.int64(156), np.int64(115), np.int64(178), np.int64(17)]",-2.868845291425768,146_156_115_178,17,146_156_115_178_17,False
2,"[np.int64(146), np.int64(156), np.int64(115), np.int64(178), np.int64(17), np.int64(185)]",-9.103001733745666,146_156_115_178_17,185,146_156_115_178_17_185,False
2,"[np.int64(146), np.int64(156), np.int64(115), np.int64(178), np.int64(17), np.int64(185), np.int64(171)]",43.401134068925884,146_156_115_178_17_185,171,146_156_115_178_17_185_171,False
2,"[np.int64(146), np.int64(156), np.int64(115), np.int64(178), np.int64(17), np.int64(185), np.int64(171), np.int64(15)]",4.697210501957365,146_156_115_178_17_185_171,15,146_156_115_178_17_185_171_15,False
2,"[np.int64(146), np.int64(156), np.int64(115), np.int64(178), np.int64(17), np.int64(185), np.int64(171), np.int64(15), np.int64(192)]",33.781977646803256,146_156_115_178_17_185_171_15,192,146_156_115_178_17_185_171_15_192,False
2,"[np.int64(146), np.int64(156), np.int64(115), np.int64(178), np.int64(17), np.int64(185), np.int64(171), np.int64(15), np.int64(192), np.int64(129)]",38.66092249592416,146_156_115_178_17_185_171_15_192,129,146_156_115_178_17_185_171_15_192_129,True
3,[np.int64(50)],38.91238265393899,,50,50,False
3,"[np.int64(50), np.int64(78)]",-4.916279002580925,50,78,50_78,False
3,"[np.int64(50), np.int64(78), np.int64(185)]",27.37837326128574,50_78,185,50_78_185,False
3,"[np.int64(50), np.int64(78), np.int64(185), np.int64(173)]",-9.592866821390345,50_78_185,173,50_78_185_173,False
3,"[np.int64(50), np.int64(78), np.int64(185), np.int64(173), np.int64(179)]",-7.392625221929762,50_78_185_173,179,50_78_185_173_179,False
3,"[np.int64(50), np.int64(78), np.int64(185), np.int64(173), np.int64(179), np.int64(105)]",44.23880054335045,50_78_185_173_179,105,50_78_185_173_179_105,False
3,"[np.int64(50), np.int64(78), np.int64(185), np.int64(173), np.int64(179), np.int64(105), np.int64(62)]",21.653823281408332,50_78_185_173_179_105,62,50_78_185_173_179_105_62,False
3,"[np.int64(50), np.int64(78), np.int64(185), np.int64(173), np.int64(179), np.int64(105), np.int64(62), np.int64(75)]",34.15411915211149,50_78_185_173_179_105_62,75,50_78_185_173_179_105_62_75,False
3,"[np.int64(50), np.int64(78), np.int64(185), np.int64(173), np.int64(179), np.int64(105), np.int64(62), np.int64(75), np.int64(59)]",40.31005942658876,50_78_185_173_179_105_62_75,59,50_78_185_173_179_105_62_75_59,False
3,"[np.int64(50), np.int64(78), np.int64(185), np.int64(173), np.int64(179), np.int64(105), np.int64(62), np.int64(75), np.int64(59), np.int64(64)]",46.975206053875105,50_78_185_173_179_105_62_75_59,64,50_78_185_173_179_105_62_75_59_64,True
4,[np.int64(148)],23.5744905173524,,148,148,False
4,"[np.int64(148), np.int64(141)]",29.930564525432807,148,141,148_141,False
4,"[np.int64(148), np.int64(141), np.int64(129)]",48.69952858670285,148_141,129,148_141_129,False
4,"[np.int64(148), np.int64(141), np.int64(129), np.int64(199)]",33.70317116604395,148_141_129,199,148_141_129_199,False
4,"[np.int64(148), np.int64(141), np.int64(129), np.int64(199), np.int64(126)]",28.6249119465754,148_141_129_199,126,148_141_129_199_126,False
4,"[np.int64(148), np.int64(141), np.int64(129), np.int64(199), np.int64(126), np.int64(108)]",10.105546056100554,148_141_129_199_126,108,148_141_129_199_126_108,False
4,"[np.int64(148), np.int64(141), np.int64(129), np.int64(199), np.int64(126), np.int64(108), np.int64(118)]",-7.929767410100441,148_141_129_199_126_108,118,148_141_129_199_126_108_118,False
4,"[np.int64(148), np.int64(141), np.int64(129), np.int64(199), np.int64(126), np.int64(108), np.int64(118), np.int64(197)]",7.287507731281506,148_141_129_199_126_108_118,197,148_141_129_199_126_108_118_197,False
4,"[np.int64(148), np.int64(141), np.int64(129), np.int64(199), np.int64(126), np.int64(108), np.int64(118), np.int64(197), np.int64(100)]",36.106874027577064,148_141_129_199_126_108_118_197,100,148_141_129_199_126_108_118_197_100,False
4,"[np.int64(148), np.int64(141), np.int64(129), np.int64(199), np.int64(126), np.int64(108), np.int64(118), np.int64(197), np.int64(100), np.int64(160)]",2.316316448228104,148_141_129_199_126_108_118_197_100,160,148_141_129_199_126_108_118_197_100_160,True
5,[np.int64(56)],24.474470208381025,,56,56,False
5,"[np.int64(56), np.int64(82)]",39.33648268837551,56,82,56_82,False
5,"[np.int64(56), np.int64(82), np.int64(165)]",23.76017244105852,56_82,165,56_82_165,False
5,"[np.int64(56), np.int64(82), np.int64(165), np.int64(31)]",47.86335539943561,56_82_165,31,56_82_165_31,False
5,"[np.int64(56), np.int64(82), np.int64(165), np.int64(31), np.int64(193)]",3.0334459490648857,56_82_165_31,193,56_82_165_31_193,False
5,"[np.int64(56), np.int64(82), np.int64(165), np.int64(31), np.int64(193), np.int64(24)]",32.84791961612916,56_82_165_31_193,24,56_82_165_31_193_24,False
5,"[np.int64(56), np.int64(82), np.int64(165), np.int64(31), np.int64(193), np.int64(24), np.int64(185)]",12.196647923268078,56_82_165_31_193_24,185,56_82_165_31_193_24_185,False
5,"[np.int64(56), np.int64(82), np.int64(165), np.int64(31), np.int64(193), np.int64(24), np.int64(185), np.int64(32)]",6.737971665211633,56_82_165_31_193_24_185,32,56_82_165_31_193_24_185_32,False
5,"[np.int64(56), np.int64(82), np.int64(165), np.int64(31), np.int64(193), np.int64(24), np.int64(185), np.int64(32), np.int64(87)]",0.8232485580627724,56_82_165_31_193_24_185_32,87,56_82_165_31_193_24_185_32_87,False
5,"[np.int64(56), np.int64(82), np.int64(165), np.int64(31), np.int64(193), np.int64(24), np.int64(185), np.int64(32), np.int64(87), np.int64(193)]",23.15020857569263,56_82_165_31_193_24_185_32_87,193,56_82_165_31_193_24_185_32_87_193,True
6,[np.int64(47)],-3.9855177839445166,,47,47,False
6,"[np.int64(47), np.int64(60)]",33.06563268897385,47,60,47_60,False
6,"[np.int64(47), np.int64(60), np.int64(139)]",30.789087513198197,47_60,139,47_60_139,False
6,"[np.int64(47), np.int64(60), np.int64(139), np.int64(77)]",39.855349449311035,47_60_139,77,47_60_139_77,False
6,"[np.int64(47), np.int64(60), np.int64(139), np.int64(77), np.int64(183)]",-7.50424262461183,47_60_139_77,183,47_60_139_77_183,False
6,"[np.int64(47), np.int64(60), np.int64(139), np.int64(77), np.int64(183), np.int64(17)]",-8.613359891932468,47_60_139_77_183,17,47_60_139_77_183_17,False
6,"[np.int64(47), np.int64(60), np.int64(139), np.int64(77), np.int64(183), np.int64(17), np.int64(154)]",12.380425992713644,47_60_139_77_183_17,154,47_60_139_77_183_17_154,False
6,"[np.int64(47), np.int64(60), np.int64(139), np.int64(77), np.int64(183), np.int64(17), np.int64(154), np.int64(27)]",-1.0727029690508272,47_60_139_77_183_17_154,27,47_60_139_77_183_17_154_27,False
6,"[np.int64(47), np.int64(60), np.int64(139), np.int64(77), np.int64(183), np.int64(17), np.int64(154), np.int64(27), np.int64(79)]",23.503068654213315,47_60_139_77_183_17_154_27,79,47_60_139_77_183_17_154_27_79,False
6,"[np.int64(47), np.int64(60), np.int64(139), np.int64(77), np.int64(183), np.int64(17), np.int64(154), np.int64(27), np.int64(79), np.int64(179)]",45.04093409040493,47_60_139_77_183_17_154_27_79,179,47_60_139_77_183_17_154_27_79_179,True
7,[np.int64(194)],-2.3426088257348043,,194,194,False
7,"[np.int64(194), np.int64(56)]",35.25387940097292,194,56,194_56,False
7,"[np.int64(194), np.int64(56), np.int64(53)]",18.292407595289916,194_56,53,194_56_53,False
7,"[np.int64(194), np.int64(56), np.int64(53), np.int64(115)]",-1.0097119487219142,194_56_53,115,194_56_53_115,False
7,"[np.int64(194), np.int64(56), np.int64(53), np.int64(115), np.int64(143)]",5.837651247912259,194_56_53_115,143,194_56_53_115_143,False
7,"[np.int64(194), np.int64(56), np.int64(53), np.int64(115), np.int64(143), np.int64(61)]",46.870213990819984,194_56_53_115_143,61,194_56_53_115_143_61,False
7,"[np.int64(194), np.int64(56), np.int64(53), np.int64(115), np.int64(143), np.int64(61), np.int64(83)]",12.027970118615904,194_56_53_115_143_61,83,194_56_53_115_143_61_83,False
7,"[np.int64(194), np.int64(56), np.int64(53), np.int64(115), np.int64(143), np.int64(61), np.int64(83), np.int64(55)]",44.46091671314921,194_56_53_115_143_61_83,55,194_56_53_115_143_61_83_55,False
7,"[np.int64(194), np.int64(56), np.int64(53), np.int64(115), np.int64(143), np.int64(61), np.int64(83), np.int64(55), np.int64(22)]",8.278149937614604,194_56_53_115_143_61_83_55,22,194_56_53_115_143_61_83_55_22,False
7,"[np.int64(194), np.int64(56), np.int64(53), np.int64(115), np.int64(143), np.int64(61), np.int64(83), np.int64(55), np.int64(22), np.int64(16)]",22.593205662029654,194_56_53_115_143_61_83_55_22,16,194_56_53_115_143_61_83_55_22_16,True
8,[np.int64(112)],31.21316470290539,,112,112,False
8,"[np.int64(112), np.int64(167)]",36.58419932132619,112,167,112_167,False
8,"[np.int64(112), np.int64(167), np.int64(96)]",8.68035457576499,112_167,96,112_167_96,False
8,"[np.int64(112), np.int64(167), np.int64(96), np.int64(184)]",24.066617385912693,112_167_96,184,112_167_96_184,False
8,"[np.int64(112), np.int64(167), np.int64(96), np.int64(184), np.int64(185)]",48.89474178587567,112_167_96_184,185,112_167_96_184_185,False
8,"[np.int64(112), np.int64(167), np.int64(96), np.int64(184), np.int64(185), np.int64(90)]",43.88865023990943,112_167_96_184_185,90,112_167_96_184_185_90,False
8,"[np.int64(112), np.int64(167), np.int64(96), np.int64(184), np.int64(185), np.int64(90), np.int64(15)]",47.15992568590199,112_167_96_184_185_90,15,112_167_96_184_185_90_15,False
8,"[np.int64(112), np.int64(167), np.int64(96), np.int64(184), np.int64(185), np.int64(90), np.int64(15), np.int64(155)]",13.168183911714284,112_167_96_184_185_90_15,155,112_167_96_184_185_90_15_155,False
8,"[np.int64(112), np.int64(167), np.int64(96), np.int64(184), np.int64(185), np.int64(90), np.int64(15), np.int64(155), np.int64(97)]",37.215686353799704,112_167_96_184_185_90_15_155,97,112_167_96_184_185_90_15_155_97,False
8,"[np.int64(112), np.int64(167), np.int64(96), np.int64(184), np.int64(185), np.int64(90), np.int64(15), np.int64(155), np.int64(97), np.int64(110)]",27.193877105620867,112_167_96_184_185_90_15_155_97,110,112_167_96_184_185_90_15_155_97_110,True
9,[np.int64(79)],29.68028683017276,,79,79,False
9,"[np.int64(79), np.int64(38)]",7.3611446133347735,79,38,79_38,False
9,"[np.int64(79), np.int64(38), np.int64(44)]",5.210060966346388,79_38,44,79_38_44,False
9,"[np.int64(79), np.int64(38), np.int64(44), np.int64(77)]",9.853225261627657,79_38_44,77,79_38_44_77,False
9,"[np.int64(79), np.int64(38), np.int64(44), np.int64(77), np.int64(80)]",6.18776347354185,79_38_44_77,80,79_38_44_77_80,False
9,"[np.int64(79), np.int64(38), np.int64(44), np.int64(77), np.int64(80), np.int64(139)]",20.686184378095234,79_38_44_77_80,139,79_38_44_77_80_139,False
9,"[np.int64(79), np.int64(38), np.int64(44), np.int64(77), np.int64(80), np.int64(139), np.int64(92)]",16.40890683344795,79_38_44_77_80_139,92,79_38_44_77_80_139_92,False
9,"[np.int64(79), np.int64(38), np.int64(44), np.int64(77), np.int64(80), np.int64(139), np.int64(92), np.int64(31)]",20.74571308259938,79_38_44_77_80_139_92,31,79_38_44_77_80_139_92_31,False
9,"[np.int64(79), np.int64(38), np.int64(44), np.int64(77), np.int64(80), np.int64(139), np.int64(92), np.int64(31), np.int64(183)]",30.362816690026172,79_38_44_77_80_139_92_31,183,79_38_44_77_80_139_92_31_183,False
9,"[np.int64(79), np.int64(38), np.int64(44), np.int64(77), np.int64(80), np.int64(139), np.int64(92), np.int64(31), np.int64(183), np.int64(23)]",13.227830538268899,79_38_44_77_80_139_92_31_183,23,79_38_44_77_80_139_92_31_183_23,True
10,[np.int64(83)],4.041690518412475,,83,83,False
10,"[np.int64(83), np.int64(105)]",25.28517475128186,83,105,83_105,False
10,"[np.int64(83), np.int64(105), np.int64(91)]",24.241379694610877,83_105,91,83_105_91,False
10,"[np.int64(83), np.int64(105), np.int64(91), np.int64(119)]",19.055971886583528,83_105_91,119,83_105_91_119,False
10,"[np.int64(83), np.int64(105), np.int64(91), np.int64(119), np.int64(74)]",22.99873918303185,83_105_91_119,74,83_105_91_119_74,False
10,"[np.int64(83), np.int64(105), np.int64(91), np.int64(119), np.int64(74), np.int64(121)]",19.507437957420084,83_105_91_119_74,121,83_105_91_119_74_121,False
10,"[np.int64(83), np.int64(105), np.int64(91), np.int64(119), np.int64(74), np.int64(121), np.int64(188)]",23.927381964446493,83_105_91_119_74_121,188,83_105_91_119_74_121_188,False
10,"[np.int64(83), np.int64(105), np.int64(91), np.int64(119), np.int64(74), np.int64(121), np.int64(188), np.int64(150)]",32.930357277267724,83_105_91_119_74_121_188,150,83_105_91_119_74_121_188_150,False
10,"[np.int64(83), np.int64(105), np.int64(91), np.int64(119), np.int64(74), np.int64(121), np.int64(188), np.int64(150), np.int64(164)]",-3.4223083357936157,83_105_91_119_74_121_188_150,164,83_105_91_119_74_121_188_150_164,False
10,"[np.int64(83), np.int64(105), np.int64(91), np.int64(119), np.int64(74), np.int64(121), np.int64(188), np.int64(150), np.int64(164), np.int64(40)]",34.97754512894142,83_105_91_119_74_121_188_150_164,40,83_105_91_119_74_121_188_150_164_40,True
11,[np.int64(68)],1.174696297986484,,68,68,False
11,"[np.int64(68), np.int64(113)]",19.120693828065086,68,113,68_113,False
11,"[np.int64(68), np.int64(113), np.int64(74)]",39.81063457997524,68_113,74,68_113_74,False
11,"[np.int64(68), np.int64(113), np.int64(74), np.int64(170)]",47.036706484573415,68_113_74,170,68_113_74_170,False
11,"[np.int64(68), np.int64(113), np.int64(74), np.int64(170), np.int64(58)]",28.05515920709224,68_113_74_170,58,68_113_74_170_58,False
11,"[np.int64(68), np.int64(113), np.int64(74), np.int64(170), np.int64(58), np.int64(129)]",11.234340032709023,68_113_74_170_58,129,68_113_74_170_58_129,False
11,"[np.int64(68), np.int64(113), np.int64(74), np.int64(170), np.int64(58), np.int64(129), np.int64(14)]",26.199533938675902,68_113_74_170_58_129,14,68_113_74_170_58_129_14,False
11,"[np.int64(68), np.int64(113), np.int64(74), np.int64(170), np.int64(58), np.int64(129), np.int64(14), np.int64(104)]",8.720078366507021,68_113_74_170_58_129_14,104,68_113_74_170_58_129_14_104,False
11,"[np.int64(68), np.int64(113), np.int64(74), np.int64(170), np.int64(58), np.int64(129), np.int64(14), np.int64(104), np.int64(164)]",44.58941844992362,68_113_74_170_58_129_14_104,164,68_113_74_170_58_129_14_104_164,False
11,"[np.int64(68), np.int64(113), np.int64(74), np.int64(170), np.int64(58), np.int64(129), np.int64(14), np.int64(104), np.int64(164), np.int64(198)]",42.22402778635022,68_113_74_170_58_129_14_104_164,198,68_113_74_170_58_129_14_104_164_198,True
12,[np.int64(175)],9.507975704015866,,175,175,False
12,"[np.int64(175), np.int64(162)]",18.266621299865232,175,162,175_162,False
12,"[np.int64(175), np.int64(162), np.int64(159)]",39.12427942727912,175_162,159,175_162_159,False
12,"[np.int64(175), np.int64(162), np.int64(159), np.int64(174)]",-2.523147537548729,175_162_159,174,175_162_159_174,False
12,"[np.int64(175), np.int64(162), np.int64(159), np.int64(174), np.int64(46)]",41.45935929450964,175_162_159_174,46,175_162_159_174_46,False
12,"[np.int64(175), np.int64(162), np.int64(159), np.int64(174), np.int64(46), np.int64(191)]",43.85053010650124,175_162_159_174_46,191,175_162_159_174_46_191,False
12,"[np.int64(175), np.int64(162), np.int64(159), np.int64(174), np.int64(46), np.int64(191), np.int64(173)]",46.80247490203329,175_162_159_174_46_191,173,175_162_159_174_46_191_173,False
12,"[np.int64(175), np.int64(162), np.int64(159), np.int64(174), np.int64(46), np.int64(191), np.int64(173), np.int64(102)]",13.849279545357668,175_162_159_174_46_191_173,102,175_162_159_174_46_191_173_102,False
12,"[np.int64(175), np.int64(162), np.int64(159), np.int64(174), np.int64(46), np.int64(191), np.int64(173), np.int64(102), np.int64(120)]",3.0284242422603125,175_162_159_174_46_191_173_102,120,175_162_159_174_46_191_173_102_120,False
12,"[np.int64(175), np.int64(162), np.int64(159), np.int64(174), np.int64(46), np.int64(191), np.int64(173), np.int64(102), np.int64(120), np.int64(162)]",12.41844910800191,175_162_159_174_46_191_173_102_120,162,175_162_159_174_46_191_173_102_120_162,True
13,[np.int64(35)],28.63207565330758,,35,35,False
13,"[np.int64(35), np.int64(113)]",35.776932710693664,35,113,35_113,False
13,"[np.int64(35), np.int64(113), np.int64(36)]",35.56919415129842,35_113,36,35_113_36,False
13,"[np.int64(35), np.int64(113), np.int64(36), np.int64(13)]",43.164438025731506,35_113_36,13,35_113_36_13,False
13,"[np.int64(35), np.int64(113), np.int64(36), np.int64(13), np.int64(154)]",33.74202456976965,35_113_36_13,154,35_113_36_13_154,False
13,"[np.int64(35), np.int64(113), np.int64(36), np.int64(13), np.int64(154), np.int64(122)]",45.66860369886178,35_113_36_13_154,122,35_113_36_13_154_122,False
13,"[np.int64(35), np.int64(113), np.int64(36), np.int64(13), np.int64(154), np.int64(122), np.int64(82)]",9.959395989253487,35_113_36_13_154_122,82,35_113_36_13_154_122_82,False
13,"[np.int64(35), np.int64(113), np.int64(36), np.int64(13), np.int64(154), np.int64(122), np.int64(82), np.int64(158)]",20.192565005092582,35_113_36_13_154_122_82,158,35_113_36_13_154_122_82_158,False
13,"[np.int64(35), np.int64(113), np.int64(36), np.int64(13), np.int64(154), np.int64(122), np.int64(82), np.int64(158), np.int64(72)]",-9.155220203026559,35_113_36_13_154_122_82_158,72,35_113_36_13_154_122_82_158_72,False
13,"[np.int64(35), np.int64(113), np.int64(36), np.int64(13), np.int64(154), np.int64(122), np.int64(82), np.int64(158), np.int64(72), np.int64(101)]",-9.582544761802527,35_113_36_13_154_122_82_158_72,101,35_113_36_13_154_122_82_158_72_101,True
14,[np.int64(37)],-9.276248930655955,,37,37,False
14,"[np.int64(37), np.int64(20)]",-7.942499301367459,37,20,37_20,False
14,"[np.int64(37), np.int64(20), np.int64(109)]",32.14030604611171,37_20,109,37_20_109,False
14,"[np.int64(37), np.int64(20), np.int64(109), np.int64(93)]",6.74510816907701,37_20_109,93,37_20_109_93,False
14,"[np.int64(37), np.int64(20), np.int64(109), np.int64(93), np.int64(137)]",24.762783640876926,37_20_109_93,137,37_20_109_93_137,False
14,"[np.int64(37), np.int64(20), np.int64(109), np.int64(93), np.int64(137), np.int64(153)]",2.1366308654401367,37_20_109_93_137,153,37_20_109_93_137_153,False
14,"[np.int64(37), np.int64(20), np.int64(109), np.int64(93), np.int64(137), np.int64(153), np.int64(135)]",6.2149325037028476,37_20_109_93_137_153,135,37_20_109_93_137_153_135,False
14,"[np.int64(37), np.int64(20), np.int64(109), np.int64(93), np.int64(137), np.int64(153), np.int64(135), np.int64(7)]",20.27846335688452,37_20_109_93_137_153_135,7,37_20_109_93_137_153_135_7,False
14,"[np.int64(37), np.int64(20), np.int64(109), np.int64(93), np.int64(137), np.int64(153), np.int64(135), np.int64(7), np.int64(187)]",48.53416780136492,37_20_109_93_137_153_135_7,187,37_20_109_93_137_153_135_7_187,False
14,"[np.int64(37), np.int64(20), np.int64(109), np.int64(93), np.int64(137), np.int64(153), np.int64(135), np.int64(7), np.int64(187), np.int64(71)]",26.976229352551496,37_20_109_93_137_153_135_7_187,71,37_20_109_93_137_153_135_7_187_71,True
15,[np.int64(25)],-1.5537725337272001,,25,25,False
15,"[np.int64(25), np.int64(82)]",3.493808343824436,25,82,25_82,False
15,"[np.int64(25), np.int64(82), np.int64(106)]",23.488049487692898,25_82,106,25_82_106,False
15,"[np.int64(25), np.int64(82), np.int64(106), np.int64(68)]",35.845580012778896,25_82_106,68,25_82_106_68,False
15,"[np.int64(25), np.int64(82), np.int64(106), np.int64(68), np.int64(96)]",27.16107835617794,25_82_106_68,96,25_82_106_68_96,False
15,"[np.int64(25), np.int64(82), np.int64(106), np.int64(68), np.int64(96), np.int64(29)]",3.9280347680093697,25_82_106_68_96,29,25_82_106_68_96_29,False
15,"[np.int64(25), np.int64(82), np.int64(106), np.int64(68), np.int64(96), np.int64(29), np.int64(7)]",-9.94341744835058,25_82_106_68_96_29,7,25_82_106_68_96_29_7,False
15,"[np.int64(25), np.int64(82), np.int64(106), np.int64(68), np.int64(96), np.int64(29), np.int64(7), np.int64(37)]",35.429034818446354,25_82_106_68_96_29_7,37,25_82_106_68_96_29_7_37,False
15,"[np.int64(25), np.int64(82), np.int64(106), np.int64(68), np.int64(96), np.int64(29), np.int64(7), np.int64(37), np.int64(188)]",49.11243955466562,25_82_106_68_96_29_7_37,188,25_82_106_68_96_29_7_37_188,False
15,"[np.int64(25), np.int64(82), np.int64(106), np.int64(68), np.int64(96), np.int64(29), np.int64(7), np.int64(37), np.int64(188), np.int64(80)]",38.594787218365425,25_82_106_68_96_29_7_37_188,80,25_82_106_68_96_29_7_37_188_80,True
16,[np.int64(178)],36.511446157634346,,178,178,False
16,"[np.int64(178), np.int64(132)]",21.60613443616952,178,132,178_132,False
16,"[np.int64(178), np.int64(132), np.int64(54)]",9.003027321512963,178_132,54,178_132_54,False
16,"[np.int64(178), np.int64(132), np.int64(54), np.int64(19)]",5.489490059508699,178_132_54,19,178_132_54_19,False
16,"[np.int64(178), np.int64(132), np.int64(54), np.int64(19), np.int64(151)]",-7.735160981953997,178_132_54_19,151,178_132_54_19_151,False
16,"[np.int64(178), np.int64(132), np.int64(54), np.int64(19), np.int64(151), np.int64(163)]",24.99170971298276,178_132_54_19_151,163,178_132_54_19_151_163,False
16,"[np.int64(178), np.int64(132), np.int64(54), np.int64(19), np.int64(151), np.int64(163), np.int64(33)]",3.7976849240620525,178_132_54_19_151_163,33,178_132_54_19_151_163_33,False
16,"[np.int64(178), np.int64(132), np.int64(54), np.int64(19), np.int64(151), np.int64(163), np.int64(33), np.int64(121)]",-1.1119646790170146,178_132_54_19_151_163_33,121,178_132_54_19_151_163_33_121,False
16,"[np.int64(178), np.int64(132), np.int64(54), np.int64(19), np.int64(151), np.int64(163), np.int64(33), np.int64(121), np.int64(108)]",29.22979782966066,178_132_54_19_151_163_33_121,108,178_132_54_19_151_163_33_121_108,False
16,"[np.int64(178), np.int64(132), np.int64(54), np.int64(19), np.int64(151), np.int64(163), np.int64(33), np.int64(121), np.int64(108), np.int64(125)]",30.87255546929293,178_132_54_19_151_163_33_121_108,125,178_132_54_19_151_163_33_121_108_125,True
17,[np.int64(12)],8.223257215471321,,12,12,False
17,"[np.int64(12), np.int64(19)]",48.97669529721327,12,19,12_19,False
17,"[np.int64(12), np.int64(19), np.int64(65)]",6.4481700315163,12_19,65,12_19_65,False
17,"[np.int64(12), np.int64(19), np.int64(65), np.int64(46)]",2.1594153194258636,12_19_65,46,12_19_65_46,False
17,"[np.int64(12), np.int64(19), np.int64(65), np.int64(46), np.int64(146)]",16.529246827194967,12_19_65_46,146,12_19_65_46_146,False
17,"[np.int64(12), np.int64(19), np.int64(65), np.int64(46), np.int64(146), np.int64(172)]",-6.589565757256692,12_19_65_46_146,172,12_19_65_46_146_172,False
17,"[np.int64(12), np.int64(19), np.int64(65), np.int64(46), np.int64(146), np.int64(172), np.int64(164)]",48.70966788030745,12_19_65_46_146_172,164,12_19_65_46_146_172_164,False
17,"[np.int64(12), np.int64(19), np.int64(65), np.int64(46), np.int64(146), np.int64(172), np.int64(164), np.int64(121)]",25.306013384985487,12_19_65_46_146_172_164,121,12_19_65_46_146_172_164_121,False
17,"[np.int64(12), np.int64(19), np.int64(65), np.int64(46), np.int64(146), np.int64(172), np.int64(164), np.int64(121), np.int64(53)]",23.417125499850513,12_19_65_46_146_172_164_121,53,12_19_65_46_146_172_164_121_53,False
17,"[np.int64(12), np.int64(19), np.int64(65), np.int64(46), np.int64(146), np.int64(172), np.int64(164), np.int64(121), np.int64(53), np.int64(5)]",29.347776793983193,12_19_65_46_146_172_164_121_53,5,12_19_65_46_146_172_164_121_53_5,True
18,[np.int64(14)],3.620077960305237,,14,14,False
18,"[np.int64(14), np.int64(94)]",3.2765954639710415,14,94,14_94,False
18,"[np.int64(14), np.int64(94), np.int64(141)]",-0.31498073874556276,14_94,141,14_94_141,False
18,"[np.int64(14), np.int64(94), np.int64(141), np.int64(181)]",12.319685587349712,14_94_141,181,14_94_141_181,False
18,"[np.int64(14), np.int64(94), np.int64(141), np.int64(181), np.int64(133)]",40.820722123345014,14_94_141_181,133,14_94_141_181_133,False
18,"[np.int64(14), np.int64(94), np.int64(141), np.int64(181), np.int64(133), np.int64(80)]",39.67472372894386,14_94_141_181_133,80,14_94_141_181_133_80,False
18,"[np.int64(14), np.int64(94), np.int64(141), np.int64(181), np.int64(133), np.int64(80), np.int64(17)]",12.96945247781023,14_94_141_181_133_80,17,14_94_141_181_133_80_17,False
18,"[np.int64(14), np.int64(94), np.int64(141), np.int64(181), np.int64(133), np.int64(80), np.int64(17), np.int64(19)]",25.347124158814193,14_94_141_181_133_80_17,19,14_94_141_181_133_80_17_19,False
18,"[np.int64(14), np.int64(94), np.int64(141), np.int64(181), np.int64(133), np.int64(80), np.int64(17), np.int64(19), np.int64(114)]",33.24897898849494,14_94_141_181_133_80_17_19,114,14_94_141_181_133_80_17_19_114,False
18,"[np.int64(14), np.int64(94), np.int64(141), np.int64(181), np.int64(133), np.int64(80), np.int64(17), np.int64(19), np.int64(114), np.int64(189)]",4.472406477681378,14_94_141_181_133_80_17_19_114,189,14_94_141_181_133_80_17_19_114_189,True
19,[np.int64(80)],18.9503354829268,,80,80,False
19,"[np.int64(80), np.int64(115)]",10.466162828147482,80,115,80_115,False
19,"[np.int64(80), np.int64(115), np.int64(22)]",22.495727767900576,80_115,22,80_115_22,False
19,"[np.int64(80), np.int64(115), np.int64(22), np.int64(97)]",30.511364930697436,80_115_22,97,80_115_22_97,False
19,"[np.int64(80), np.int64(115), np.int64(22), np.int64(97), np.int64(71)]",27.998730466196633,80_115_22_97,71,80_115_22_97_71,False
19,"[np.int64(80), np.int64(115), np.int64(22), np.int64(97), np.int64(71), np.int64(140)]",17.7494126243356,80_115_22_97_71,140,80_115_22_97_71_140,False
19,"[np.int64(80), np.int64(115), np.int64(22), np.int64(97), np.int64(71), np.int64(140), np.int64(150)]",23.363145456797657,80_115_22_97_71_140,150,80_115_22_97_71_140_150,False
19,"[np.int64(80), np.int64(115), np.int64(22), np.int64(97), np.int64(71), np.int64(140), np.int64(150), np.int64(56)]",7.091367857645581,80_115_22_97_71_140_150,56,80_115_22_97_71_140_150_56,False
19,"[np.int64(80), np.int64(115), np.int64(22), np.int64(97), np.int64(71), np.int64(140), np.int64(150), np.int64(56), np.int64(189)]",-8.545584458656618,80_115_22_97_71_140_150_56,189,80_115_22_97_71_140_150_56_189,False
19,"[np.int64(80), np.int64(115), np.int64(22), np.int64(97), np.int64(71), np.int64(140), np.int64(150), np.int64(56), np.int64(189), np.int64(181)]",27.501167250086247,80_115_22_97_71_140_150_56_189,181,80_115_22_97_71_140_150_56_189_181,True
20,[np.int64(65)],4.962547279753526,,65,65,False
20,"[np.int64(65), np.int64(38)]",43.44000055351443,65,38,65_38,False
20,"[np.int64(65), np.int64(38), np.int64(17)]",33.11187908733476,65_38,17,65_38_17,False
20,"[np.int64(65), np.int64(38), np.int64(17), np.int64(197)]",-5.621900024458737,65_38_17,197,65_38_17_197,False
20,"[np.int64(65), np.int64(38), np.int64(17), np.int64(197), np.int64(186)]",39.26756626911079,65_38_17_197,186,65_38_17_197_186,False
20,"[np.int64(65), np.int64(38), np.int64(17), np.int64(197), np.int64(186), np.int64(159)]",19.58210729241229,65_38_17_197_186,159,65_38_17_197_186_159,False
20,"[np.int64(65), np.int64(38), np.int64(17), np.int64(197), np.int64(186), np.int64(159), np.int64(20)]",40.806981630129755,65_38_17_197_186_159,20,65_38_17_197_186_159_20,False
20,"[np.int64(65), np.int64(38), np.int64(17), np.int64(197), np.int64(186), np.int64(159), np.int64(20), np.int64(167)]",26.044386467023603,65_38_17_197_186_159_20,167,65_38_17_197_186_159_20_167,False
20,"[np.int64(65), np.int64(38), np.int64(17), np.int64(197), np.int64(186), np.int64(159), np.int64(20), np.int64(167), np.int64(26)]",30.90998192197152,65_38_17_197_186_159_20_167,26,65_38_17_197_186_159_20_167_26,False
20,"[np.int64(65), np.int64(38), np.int64(17), np.int64(197), np.int64(186), np.int64(159), np.int64(20), np.int64(167), np.int64(26), np.int64(1)]",49.610093623742486,65_38_17_197_186_159_20_167_26,1,65_38_17_197_186_159_20_167_26_1,True
21,[np.int64(191)],28.945504432312887,,191,191,False
21,"[np.int64(191), np.int64(183)]",24.029785274803533,191,183,191_183,False
21,"[np.int64(191), np.int64(183), np.int64(168)]",23.205773669823646,191_183,168,191_183_168,False
21,"[np.int64(191), np.int64(183), np.int64(168), np.int64(118)]",-8.088594248304394,191_183_168,118,191_183_168_118,False
21,"[np.int64(191), np.int64(183), np.int64(168), np.int64(118), np.int64(99)]",18.158179781600424,191_183_168_118,99,191_183_168_118_99,False
21,"[np.int64(191), np.int64(183), np.int64(168), np.int64(118), np.int64(99), np.int64(40)]",45.47736907055171,191_183_168_118_99,40,191_183_168_118_99_40,False
21,"[np.int64(191), np.int64(183), np.int64(168), np.int64(118), np.int64(99), np.int64(40), np.int64(3)]",13.855512158638795,191_183_168_118_99_40,3,191_183_168_118_99_40_3,False
21,"[np.int64(191), np.int64(183), np.int64(168), np.int64(118), np.int64(99), np.int64(40), np.int64(3), np.int64(184)]",27.49534818730738,191_183_168_118_99_40_3,184,191_183_168_118_99_40_3_184,False
21,"[np.int64(191), np.int64(183), np.int64(168), np.int64(118), np.int64(99), np.int64(40), np.int64(3), np.int64(184), np.int64(157)]",36.78912053738861,191_183_168_118_99_40_3_184,157,191_183_168_118_99_40_3_184_157,False
21,"[np.int64(191), np.int64(183), np.int64(168), np.int64(118), np.int64(99), np.int64(40), np.int64(3), np.int64(184), np.int64(157), np.int64(87)]",37.03551674851325,191_183_168_118_99_40_3_184_157,87,191_183_168_118_99_40_3_184_157_87,True
22,[np.int64(26)],6.812984419434263,,26,26,False
22,"[np.int64(26), np.int64(119)]",-6.8127625480599345,26,119,26_119,False
22,"[np.int64(26), np.int64(119), np.int64(24)]",37.73491019253697,26_119,24,26_119_24,False
22,"[np.int64(26), np.int64(119), np.int64(24), np.int64(51)]",15.023314173962333,26_119_24,51,26_119_24_51,False
22,"[np.int64(26), np.int64(119), np.int64(24), np.int64(51), np.int64(195)]",3.746996834683942,26_119_24_51,195,26_119_24_51_195,False
22,"[np.int64(26), np.int64(119), np.int64(24), np.int64(51), np.int64(195), np.int64(20)]",3.90741665699478,26_119_24_51_195,20,26_119_24_51_195_20,False
22,"[np.int64(26), np.int64(119), np.int64(24), np.int64(51), np.int64(195), np.int64(20), np.int64(17)]",44.08399647375399,26_119_24_51_195_20,17,26_119_24_51_195_20_17,False
22,"[np.int64(26), np.int64(119), np.int64(24), np.int64(51), np.int64(195), np.int64(20), np.int64(17), np.int64(38)]",40.03499602766221,26_119_24_51_195_20_17,38,26_119_24_51_195_20_17_38,False
22,"[np.int64(26), np.int64(119), np.int64(24), np.int64(51), np.int64(195), np.int64(20), np.int64(17), np.int64(38), np.int64(14)]",23.211853121430998,26_119_24_51_195_20_17_38,14,26_119_24_51_195_20_17_38_14,False
22,"[np.int64(26), np.int64(119), np.int64(24), np.int64(51), np.int64(195), np.int64(20), np.int64(17), np.int64(38), np.int64(14), np.int64(52)]",26.966648024943265,26_119_24_51_195_20_17_38_14,52,26_119_24_51_195_20_17_38_14_52,True
23,[np.int64(139)],16.728660985000747,,139,139,False
23,"[np.int64(139), np.int64(82)]",42.420363630785886,139,82,139_82,False
23,"[np.int64(139), np.int64(82), np.int64(47)]",17.7100660736365,139_82,47,139_82_47,False
23,"[np.int64(139), np.int64(82), np.int64(47), np.int64(21)]",-8.728465226328835,139_82_47,21,139_82_47_21,False
23,"[np.int64(139), np.int64(82), np.int64(47), np.int64(21), np.int64(122)]",3.6494534521437427,139_82_47_21,122,139_82_47_21_122,False
23,"[np.int64(139), np.int64(82), np.int64(47), np.int64(21), np.int64(122), np.int64(126)]",18.53723685849554,139_82_47_21_122,126,139_82_47_21_122_126,False
23,"[np.int64(139), np.int64(82), np.int64(47), np.int64(21), np.int64(122), np.int64(126), np.int64(176)]",15.463777564912144,139_82_47_21_122_126,176,139_82_47_21_122_126_176,False
23,"[np.int64(139), np.int64(82), np.int64(47), np.int64(21), np.int64(122), np.int64(126), np.int64(176), np.int64(51)]",41.62220823682884,139_82_47_21_122_126_176,51,139_82_47_21_122_126_176_51,False
23,"[np.int64(139), np.int64(82), np.int64(47), np.int64(21), np.int64(122), np.int64(126), np.int64(176), np.int64(51), np.int64(78)]",22.52825055837,139_82_47_21_122_126_176_51,78,139_82_47_21_122_126_176_51_78,False
23,"[np.int64(139), np.int64(82), np.int64(47), np.int64(21), np.int64(122), np.int64(126), np.int64(176), np.int64(51), np.int64(78), np.int64(128)]",31.37814451490726,139_82_47_21_122_126_176_51_78,128,139_82_47_21_122_126_176_51_78_128,True
24,[np.int64(74)],43.46331163050925,,74,74,False
24,"[np.int64(74), np.int64(103)]",9.985132885632375,74,103,74_103,False
24,"[np.int64(74), np.int64(103), np.int64(37)]",-1.1485699493591905,74_103,37,74_103_37,False
24,"[np.int64(74), np.int64(103), np.int64(37), np.int64(167)]",-4.206971284135292,74_103_37,167,74_103_37_167,False
24,"[np.int64(74), np.int64(103), np.int64(37), np.int64(167), np.int64(193)]",-9.194625092792343,74_103_37_167,193,74_103_37_167_193,False
24,"[np.int64(74), np.int64(103), np.int64(37), np.int64(167), np.int64(193), np.int64(114)]",15.371364714011689,74_103_37_167_193,114,74_103_37_167_193_114,False
24,"[np.int64(74), np.int64(103), np.int64(37), np.int64(167), np.int64(193), np.int64(114), np.int64(38)]",1.256659312725481,74_103_37_167_193_114,38,74_103_37_167_193_114_38,False
24,"[np.int64(74), np.int64(103), np.int64(37), np.int64(167), np.int64(193), np.int64(114), np.int64(38), np.int64(107)]",-8.701125844765125,74_103_37_167_193_114_38,107,74_103_37_167_193_114_38_107,False
24,"[np.int64(74), np.int64(103), np.int64(37), np.int64(167), np.int64(193), np.int64(114), np.int64(38), np.int64(107), np.int64(16)]",21.201172777371426,74_103_37_167_193_114_38_107,16,74_103_37_167_193_114_38_107_16,False
24,"[np.int64(74), np.int64(103), np.int64(37), np.int64(167), np.int64(193), np.int64(114), np.int64(38), np.int64(107), np.int64(16), np.int64(134)]",30.798712919045688,74_103_37_167_193_114_38_107_16,134,74_103_37_167_193_114_38_107_16_134,True
25,[np.int64(47)],21.276065229443944,,47,47,False
25,"[np.int64(47), np.int64(84)]",0.3259911589917297,47,84,47_84,False
25,"[np.int64(47), np.int64(84), np.int64(42)]",8.325901560981936,47_84,42,47_84_42,False
25,"[np.int64(47), np.int64(84), np.int64(42), np.int64(180)]",9.287748676868269,47_84_42,180,47_84_42_180,False
25,"[np.int64(47), np.int64(84), np.int64(42), np.int64(180), np.int64(84)]",-0.42220400483415466,47_84_42_180,84,47_84_42_180_84,False
25,"[np.int64(47), np.int64(84), np.int64(42), np.int64(180), np.int64(84), np.int64(154)]",2.310970003709645,47_84_42_180_84,154,47_84_42_180_84_154,False
25,"[np.int64(47), np.int64(84), np.int64(42), np.int64(180), np.int64(84), np.int64(154), np.int64(18)]",37.31311052049539,47_84_42_180_84_154,18,47_84_42_180_84_154_18,False
25,"[np.int64(47), np.int64(84), np.int64(42), np.int64(180), np.int64(84), np.int64(154), np.int64(18), np.int64(22)]",0.03175127283610246,47_84_42_180_84_154_18,22,47_84_42_180_84_154_18_22,False
25,"[np.int64(47), np.int64(84), np.int64(42), np.int64(180), np.int64(84), np.int64(154), np.int64(18), np.int64(22), np.int64(114)]",-8.292556489364651,47_84_42_180_84_154_18_22,114,47_84_42_180_84_154_18_22_114,False
25,"[np.int64(47), np.int64(84), np.int64(42), np.int64(180), np.int64(84), np.int64(154), np.int64(18), np.int64(22), np.int64(114), np.int64(49)]",27.761296557736305,47_84_42_180_84_154_18_22_114,49,47_84_42_180_84_154_18_22_114_49,True
26,[np.int64(150)],27.35095210476296,,150,150,False
26,"[np.int64(150), np.int64(48)]",8.903389796455963,150,48,150_48,False
26,"[np.int64(150), np.int64(48), np.int64(165)]",22.512810396573197,150_48,165,150_48_165,False
26,"[np.int64(150), np.int64(48), np.int64(165), np.int64(46)]",-4.525309521744678,150_48_165,46,150_48_165_46,False
26,"[np.int64(150), np.int64(48), np.int64(165), np.int64(46), np.int64(71)]",30.736725456840198,150_48_165_46,71,150_48_165_46_71,False
26,"[np.int64(150), np.int64(48), np.int64(165), np.int64(46), np.int64(71), np.int64(6)]",33.50576113385905,150_48_165_46_71,6,150_48_165_46_71_6,False
26,"[np.int64(150), np.int64(48), np.int64(165), np.int64(46), np.int64(71), np.int64(6), np.int64(65)]",47.90189737459513,150_48_165_46_71_6,65,150_48_165_46_71_6_65,False
26,"[np.int64(150), np.int64(48), np.int64(165), np.int64(46), np.int64(71), np.int64(6), np.int64(65), np.int64(76)]",5.623841524704298,150_48_165_46_71_6_65,76,150_48_165_46_71_6_65_76,False
26,"[np.int64(150), np.int64(48), np.int64(165), np.int64(46), np.int64(71), np.int64(6), np.int64(65), np.int64(76), np.int64(61)]",-8.892614857418641,150_48_165_46_71_6_65_76,61,150_48_165_46_71_6_65_76_61,False
26,"[np.int64(150), np.int64(48), np.int64(165), np.int64(46), np.int64(71), np.int64(6), np.int64(65), np.int64(76), np.int64(61), np.int64(156)]",22.736507865629036,150_48_165_46_71_6_65_76_61,156,150_48_165_46_71_6_65_76_61_156,True
27,[np.int64(112)],18.425609224323217,,112,112,False
27,"[np.int64(112), np.int64(177)]",37.97471864612018,112,177,112_177,False
27,"[np.int64(112), np.int64(177), np.int64(64)]",24.837185628941224,112_177,64,112_177_64,False
27,"[np.int64(112), np.int64(177), np.int64(64), np.int64(107)]",36.38540849702672,112_177_64,107,112_177_64_107,False
27,"[np.int64(112), np.int64(177), np.int64(64), np.int64(107), np.int64(19)]",9.960379191819431,112_177_64_107,19,112_177_64_107_19,False
27,"[np.int64(112), np.int64(177), np.int64(64), np.int64(107), np.int64(19), np.int64(179)]",39.88499731581867,112_177_64_107_19,179,112_177_64_107_19_179,False
27,"[np.int64(112), np.int64(177), np.int64(64), np.int64(107), np.int64(19), np.int64(179), np.int64(36)]",6.474338933061294,112_177_64_107_19_179,36,112_177_64_107_19_179_36,False
27,"[np.int64(112), np.int64(177), np.int64(64), np.int64(107), np.int64(19), np.int64(179), np.int64(36), np.int64(71)]",22.76592848019745,112_177_64_107_19_179_36,71,112_177_64_107_19_179_36_71,False
27,"[np.int64(112), np.int64(177), np.int64(64), np.int64(107), np.int64(19), np.int64(179), np.int64(36), np.int64(71), np.int64(26)]",2.840426790432453,112_177_64_107_19_179_36_71,26,112_177_64_107_19_179_36_71_26,False
27,"[np.int64(112), np.int64(177), np.int64(64), np.int64(107), np.int64(19), np.int64(179), np.int64(36), np.int64(71), np.int64(26), np.int64(174)]",18.5315912975716,112_177_64_107_19_179_36_71_26,174,112_177_64_107_19_179_36_71_26_174,True
28,[np.int64(35)],-8.80591097559533,,35,35,False
28,"[np.int64(35), np.int64(146)]",31.9416448425257,35,146,35_146,False
28,"[np.int64(35), np.int64(146), np.int64(5)]",5.174708333377227,35_146,5,35_146_5,False
28,"[np.int64(35), np.int64(146), np.int64(5), np.int64(152)]",-7.570730540301733,35_146_5,152,35_146_5_152,False
28,"[np.int64(35), np.int64(146), np.int64(5), np.int64(152), np.int64(158)]",14.173374737397848,35_146_5_152,158,35_146_5_152_158,False
28,"[np.int64(35), np.int64(146), np.int64(5), np.int64(152), np.int64(158), np.int64(8)]",46.1130686102525,35_146_5_152_158,8,35_146_5_152_158_8,False
28,"[np.int64(35), np.int64(146), np.int64(5), np.int64(152), np.int64(158), np.int64(8), np.int64(164)]",-9.29409433798014,35_146_5_152_158_8,164,35_146_5_152_158_8_164,False
28,"[np.int64(35), np.int64(146), np.int64(5), np.int64(152), np.int64(158), np.int64(8), np.int64(164), np.int64(154)]",25.2731415157869,35_146_5_152_158_8_164,154,35_146_5_152_158_8_164_154,False
28,"[np.int64(35), np.int64(146), np.int64(5), np.int64(152), np.int64(158), np.int64(8), np.int64(164), np.int64(154), np.int64(12)]",20.08378871571946,35_146_5_152_158_8_164_154,12,35_146_5_152_158_8_164_154_12,False
28,"[np.int64(35), np.int64(146), np.int64(5), np.int64(152), np.int64(158), np.int64(8), np.int64(164), np.int64(154), np.int64(12), np.int64(40)]",42.40304986226285,35_146_5_152_158_8_164_154_12,40,35_146_5_152_158_8_164_154_12_40,True
29,[np.int64(80)],-7.48163642538964,,80,80,False
29,"[np.int64(80), np.int64(99)]",18.26497104227079,80,99,80_99,False
29,"[np.int64(80), np.int64(99), np.int64(12)]",13.877183372080008,80_99,12,80_99_12,False
29,"[np.int64(80), np.int64(99), np.int64(12), np.int64(70)]",8.608833265448123,80_99_12,70,80_99_12_70,False
29,"[np.int64(80), np.int64(99), np.int64(12), np.int64(70), np.int64(15)]",17.080203509245838,80_99_12_70,15,80_99_12_70_15,False
29,"[np.int64(80), np.int64(99), np.int64(12), np.int64(70), np.int64(15), np.int64(44)]",13.051651095558647,80_99_12_70_15,44,80_99_12_70_15_44,False
29,"[np.int64(80), np.int64(99), np.int64(12), np.int64(70), np.int64(15), np.int64(44), np.int64(64)]",15.94003399271992,80_99_12_70_15_44,64,80_99_12_70_15_44_64,False
29,"[np.int64(80), np.int64(99), np.int64(12), np.int64(70), np.int64(15), np.int64(44), np.int64(64), np.int64(138)]",48.75571193651855,80_99_12_70_15_44_64,138,80_99_12_70_15_44_64_138,False
29,"[np.int64(80), np.int64(99), np.int64(12), np.int64(70), np.int64(15), np.int64(44), np.int64(64), np.int64(138), np.int64(69)]",-4.682021515025154,80_99_12_70_15_44_64_138,69,80_99_12_70_15_44_64_138_69,False
29,"[np.int64(80), np.int64(99), np.int64(12), np.int64(70), np.int64(15), np.int64(44), np.int64(64), np.int64(138), np.int64(69), np.int64(147)]",45.33385219032379,80_99_12_70_15_44_64_138_69,147,80_99_12_70_15_44_64_138_69_147,True
30,[np.int64(25)],34.929647816239246,,25,25,False
30,"[np.int64(25), np.int64(115)]",30.03279750451445,25,115,25_115,False
30,"[np.int64(25), np.int64(115), np.int64(48)]",49.48590149348528,25_115,48,25_115_48,False
30,"[np.int64(25), np.int64(115), np.int64(48), np.int64(148)]",32.793140304626306,25_115_48,148,25_115_48_148,False
30,"[np.int64(25), np.int64(115), np.int64(48), np.int64(148), np.int64(0)]",-0.15815611243663596,25_115_48_148,0,25_115_48_148_0,False
30,"[np.int64(25), np.int64(115), np.int64(48), np.int64(148), np.int64(0), np.int64(91)]",47.33106238503445,25_115_48_148_0,91,25_115_48_148_0_91,False
30,"[np.int64(25), np.int64(115), np.int64(48), np.int64(148), np.int64(0), np.int64(91), np.int64(57)]",30.06663358674568,25_115_48_148_0_91,57,25_115_48_148_0_91_57,False
30,"[np.int64(25), np.int64(115), np.int64(48), np.int64(148), np.int64(0), np.int64(91), np.int64(57), np.int64(78)]",-6.4397061516166065,25_115_48_148_0_91_57,78,25_115_48_148_0_91_57_78,False
30,"[np.int64(25), np.int64(115), np.int64(48), np.int64(148), np.int64(0), np.int64(91), np.int64(57), np.int64(78), np.int64(182)]",29.454098347076748,25_115_48_148_0_91_57_78,182,25_115_48_148_0_91_57_78_182,False
30,"[np.int64(25), np.int64(115), np.int64(48), np.int64(148), np.int64(0), np.int64(91), np.int64(57), np.int64(78), np.int64(182), np.int64(80)]",42.987164400486506,25_115_48_148_0_91_57_78_182,80,25_115_48_148_0_91_57_78_182_80,True
31,[np.int64(11)],34.30903833116634,,11,11,False
31,"[np.int64(11), np.int64(193)]",38.36492992369565,11,193,11_193,False
31,"[np.int64(11), np.int64(193), np.int64(52)]",6.755916682459386,11_193,52,11_193_52,False
31,"[np.int64(11), np.int64(193), np.int64(52), np.int64(98)]",12.079104631207198,11_193_52,98,11_193_52_98,False
31,"[np.int64(11), np.int64(193), np.int64(52), np.int64(98), np.int64(35)]",-5.342086885012291,11_193_52_98,35,11_193_52_98_35,False
31,"[np.int64(11), np.int64(193), np.int64(52), np.int64(98), np.int64(35), np.int64(144)]",32.807716901989984,11_193_52_98_35,144,11_193_52_98_35_144,False
31,"[np.int64(11), np.int64(193), np.int64(52), np.int64(98), np.int64(35), np.int64(144), np.int64(27)]",-9.785347323998119,11_193_52_98_35_144,27,11_193_52_98_35_144_27,False
31,"[np.int64(11), np.int64(193), np.int64(52), np.int64(98), np.int64(35), np.int64(144), np.int64(27), np.int64(149)]",-7.207508726855916,11_193_52_98_35_144_27,149,11_193_52_98_35_144_27_149,False
31,"[np.int64(11), np.int64(193), np.int64(52), np.int64(98), np.int64(35), np.int64(144), np.int64(27), np.int64(149), np.int64(101)]",-9.739355932954606,11_193_52_98_35_144_27_149,101,11_193_52_98_35_144_27_149_101,False
31,"[np.int64(11), np.int64(193), np.int64(52), np.int64(98), np.int64(35), np.int64(144), np.int64(27), np.int64(149), np.int64(101), np.int64(6)]",28.719175000257003,11_193_52_98_35_144_27_149_101,6,11_193_52_98_35_144_27_149_101_6,True
32,[np.int64(139)],18.672624627363838,,139,139,False
32,"[np.int64(139), np.int64(81)]",3.4096588553503993,139,81,139_81,False
32,"[np.int64(139), np.int64(81), np.int64(8)]",32.33574738658952,139_81,8,139_81_8,False
32,"[np.int64(139), np.int64(81), np.int64(8), np.int64(47)]",1.448569486778426,139_81_8,47,139_81_8_47,False
32,"[np.int64(139), np.int64(81), np.int64(8), np.int64(47), np.int64(48)]",23.170507759086092,139_81_8_47,48,139_81_8_47_48,False
32,"[np.int64(139), np.int64(81), np.int64(8), np.int64(47), np.int64(48), np.int64(52)]",5.194721782415048,139_81_8_47_48,52,139_81_8_47_48_52,False
32,"[np.int64(139), np.int64(81), np.int64(8), np.int64(47), np.int64(48), np.int64(52), np.int64(183)]",47.33728278688137,139_81_8_47_48_52,183,139_81_8_47_48_52_183,False
32,"[np.int64(139), np.int64(81), np.int64(8), np.int64(47), np.int64(48), np.int64(52), np.int64(183), np.int64(39)]",-8.28212836986083,139_81_8_47_48_52_183,39,139_81_8_47_48_52_183_39,False
32,"[np.int64(139), np.int64(81), np.int64(8), np.int64(47), np.int64(48), np.int64(52), np.int64(183), np.int64(39), np.int64(106)]",1.9836968066741933,139_81_8_47_48_52_183_39,106,139_81_8_47_48_52_183_39_106,False
32,"[np.int64(139), np.int64(81), np.int64(8), np.int64(47), np.int64(48), np.int64(52), np.int64(183), np.int64(39), np.int64(106), np.int64(23)]",4.538636383246864,139_81_8_47_48_52_183_39_106,23,139_81_8_47_48_52_183_39_106_23,True
33,[np.int64(89)],10.016893458660888,,89,89,False
33,"[np.int64(89), np.int64(192)]",-7.723701223843868,89,192,89_192,False
33,"[np.int64(89), np.int64(192), np.int64(159)]",-1.1823756457713075,89_192,159,89_192_159,False
33,"[np.int64(89), np.int64(192), np.int64(159), np.int64(120)]",45.02469193192873,89_192_159,120,89_192_159_120,False
33,"[np.int64(89), np.int64(192), np.int64(159), np.int64(120), np.int64(148)]",49.89664573239478,89_192_159_120,148,89_192_159_120_148,False
33,"[np.int64(89), np.int64(192), np.int64(159), np.int64(120), np.int64(148), np.int64(145)]",36.83123455217638,89_192_159_120_148,145,89_192_159_120_148_145,False
33,"[np.int64(89), np.int64(192), np.int64(159), np.int64(120), np.int64(148), np.int64(145), np.int64(59)]",7.208757486409207,89_192_159_120_148_145,59,89_192_159_120_148_145_59,False
33,"[np.int64(89), np.int64(192), np.int64(159), np.int64(120), np.int64(148), np.int64(145), np.int64(59), np.int64(121)]",14.146708306615551,89_192_159_120_148_145_59,121,89_192_159_120_148_145_59_121,False
33,"[np.int64(89), np.int64(192), np.int64(159), np.int64(120), np.int64(148), np.int64(145), np.int64(59), np.int64(121), np.int64(140)]",34.37020729436496,89_192_159_120_148_145_59_121,140,89_192_159_120_148_145_59_121_140,False
33,"[np.int64(89), np.int64(192), np.int64(159), np.int64(120), np.int64(148), np.int64(145), np.int64(59), np.int64(121), np.int64(140), np.int64(151)]",48.11081341299188,89_192_159_120_148_145_59_121_140,151,89_192_159_120_148_145_59_121_140_151,True
34,[np.int64(56)],19.524902323304907,,56,56,False
34,"[np.int64(56), np.int64(163)]",21.88164990171601,56,163,56_163,False
34,"[np.int64(56), np.int64(163), np.int64(63)]",2.0750218730701775,56_163,63,56_163_63,False
34,"[np.int64(56), np.int64(163), np.int64(63), np.int64(97)]",7.0804635168090595,56_163_63,97,56_163_63_97,False
34,"[np.int64(56), np.int64(163), np.int64(63), np.int64(97), np.int64(15)]",35.909189650912815,56_163_63_97,15,56_163_63_97_15,False
34,"[np.int64(56), np.int64(163), np.int64(63), np.int64(97), np.int64(15), np.int64(87)]",18.220835522788025,56_163_63_97_15,87,56_163_63_97_15_87,False
34,"[np.int64(56), np.int64(163), np.int64(63), np.int64(97), np.int64(15), np.int64(87), np.int64(77)]",9.041245016015399,56_163_63_97_15_87,77,56_163_63_97_15_87_77,False
34,"[np.int64(56), np.int64(163), np.int64(63), np.int64(97), np.int64(15), np.int64(87), np.int64(77), np.int64(89)]",27.357561641715165,56_163_63_97_15_87_77,89,56_163_63_97_15_87_77_89,False
34,"[np.int64(56), np.int64(163), np.int64(63), np.int64(97), np.int64(15), np.int64(87), np.int64(77), np.int64(89), np.int64(71)]",29.16558535856752,56_163_63_97_15_87_77_89,71,56_163_63_97_15_87_77_89_71,False
34,"[np.int64(56), np.int64(163), np.int64(63), np.int64(97), np.int64(15), np.int64(87), np.int64(77), np.int64(89), np.int64(71), np.int64(13)]",36.16374661044813,56_163_63_97_15_87_77_89_71,13,56_163_63_97_15_87_77_89_71_13,True
35,[np.int64(165)],12.814469984803413,,165,165,False
35,"[np.int64(165), np.int64(195)]",39.11255479433018,165,195,165_195,False
35,"[np.int64(165), np.int64(195), np.int64(6)]",11.975180359908453,165_195,6,165_195_6,False
35,"[np.int64(165), np.int64(195), np.int64(6), np.int64(157)]",26.092910382782367,165_195_6,157,165_195_6_157,False
35,"[np.int64(165), np.int64(195), np.int64(6), np.int64(157), np.int64(119)]",26.37901684247192,165_195_6_157,119,165_195_6_157_119,False
35,"[np.int64(165), np.int64(195), np.int64(6), np.int64(157), np.int64(119), np.int64(146)]",11.901518242329383,165_195_6_157_119,146,165_195_6_157_119_146,False
35,"[np.int64(165), np.int64(195), np.int64(6), np.int64(157), np.int64(119), np.int64(146), np.int64(34)]",44.26843563687726,165_195_6_157_119_146,34,165_195_6_157_119_146_34,False
35,"[np.int64(165), np.int64(195), np.int64(6), np.int64(157), np.int64(119), np.int64(146), np.int64(34), np.int64(160)]",20.193700723167055,165_195_6_157_119_146_34,160,165_195_6_157_119_146_34_160,False
35,"[np.int64(165), np.int64(195), np.int64(6), np.int64(157), np.int64(119), np.int64(146), np.int64(34), np.int64(160), np.int64(160)]",17.88705235625005,165_195_6_157_119_146_34_160,160,165_195_6_157_119_146_34_160_160,False
35,"[np.int64(165), np.int64(195), np.int64(6), np.int64(157), np.int64(119), np.int64(146), np.int64(34), np.int64(160), np.int64(160), np.int64(77)]",49.85082473971375,165_195_6_157_119_146_34_160_160,77,165_195_6_157_119_146_34_160_160_77,True
36,[np.int64(46)],37.31490590650826,,46,46,False
36,"[np.int64(46), np.int64(98)]",32.4814270398747,46,98,46_98,False
36,"[np.int64(46), np.int64(98), np.int64(13)]",5.253069744001293,46_98,13,46_98_13,False
36,"[np.int64(46), np.int64(98), np.int64(13), np.int64(193)]",41.725045150413884,46_98_13,193,46_98_13_193,False
36,"[np.int64(46), np.int64(98), np.int64(13), np.int64(193), np.int64(156)]",43.606607922575904,46_98_13_193,156,46_98_13_193_156,False
36,"[np.int64(46), np.int64(98), np.int64(13), np.int64(193), np.int64(156), np.int64(131)]",1.6491617971129435,46_98_13_193_156,131,46_98_13_193_156_131,False
36,"[np.int64(46), np.int64(98), np.int64(13), np.int64(193), np.int64(156), np.int64(131), np.int64(153)]",-2.172661806916365,46_98_13_193_156_131,153,46_98_13_193_156_131_153,False
36,"[np.int64(46), np.int64(98), np.int64(13), np.int64(193), np.int64(156), np.int64(131), np.int64(153), np.int64(114)]",48.536298115346725,46_98_13_193_156_131_153,114,46_98_13_193_156_131_153_114,False
36,"[np.int64(46), np.int64(98), np.int64(13), np.int64(193), np.int64(156), np.int64(131), np.int64(153), np.int64(114), np.int64(139)]",42.09943781902207,46_98_13_193_156_131_153_114,139,46_98_13_193_156_131_153_114_139,False
36,"[np.int64(46), np.int64(98), np.int64(13), np.int64(193), np.int64(156), np.int64(131), np.int64(153), np.int64(114), np.int64(139), np.int64(1)]",43.5941688325968,46_98_13_193_156_131_153_114_139,1,46_98_13_193_156_131_153_114_139_1,True
37,[np.int64(4)],27.570767175470884,,4,4,False
37,"[np.int64(4), np.int64(116)]",7.207743751312387,4,116,4_116,False
37,"[np.int64(4), np.int64(116), np.int64(145)]",48.15494832935052,4_116,145,4_116_145,False
37,"[np.int64(4), np.int64(116), np.int64(145), np.int64(148)]",26.521053236210054,4_116_145,148,4_116_145_148,False
37,"[np.int64(4), np.int64(116), np.int64(145), np.int64(148), np.int64(71)]",13.964099524468011,4_116_145_148,71,4_116_145_148_71,False
37,"[np.int64(4), np.int64(116), np.int64(145), np.int64(148), np.int64(71), np.int64(73)]",28.70058892949404,4_116_145_148_71,73,4_116_145_148_71_73,False
37,"[np.int64(4), np.int64(116), np.int64(145), np.int64(148), np.int64(71), np.int64(73), np.int64(50)]",13.72430063178246,4_116_145_148_71_73,50,4_116_145_148_71_73_50,False
37,"[np.int64(4), np.int64(116), np.int64(145), np.int64(148), np.int64(71), np.int64(73), np.int64(50), np.int64(168)]",39.067740858765134,4_116_145_148_71_73_50,168,4_116_145_148_71_73_50_168,False
37,"[np.int64(4), np.int64(116), np.int64(145), np.int64(148), np.int64(71), np.int64(73), np.int64(50), np.int64(168), np.int64(23)]",24.070457633103278,4_116_145_148_71_73_50_168,23,4_116_145_148_71_73_50_168_23,False
37,"[np.int64(4), np.int64(116), np.int64(145), np.int64(148), np.int64(71), np.int64(73), np.int64(50), np.int64(168), np.int64(23), np.int64(151)]",-7.48176979563598,4_116_145_148_71_73_50_168_23,151,4_116_145_148_71_73_50_168_23_151,True
38,[np.int64(39)],23.23041753372417,,39,39,False
38,"[np.int64(39), np.int64(46)]",12.967569864794562,39,46,39_46,False
38,"[np.int64(39), np.int64(46), np.int64(168)]",-0.5635879554164069,39_46,168,39_46_168,False
38,"[np.int64(39), np.int64(46), np.int64(168), np.int64(174)]",28.565114837572814,39_46_168,174,39_46_168_174,False
38,"[np.int64(39), np.int64(46), np.int64(168), np.int64(174), np.int64(19)]",22.177901947831188,39_46_168_174,19,39_46_168_174_19,False
38,"[np.int64(39), np.int64(46), np.int64(168), np.int64(174), np.int64(19), np.int64(108)]",6.484175077778058,39_46_168_174_19,108,39_46_168_174_19_108,False
38,"[np.int64(39), np.int64(46), np.int64(168), np.int64(174), np.int64(19), np.int64(108), np.int64(192)]",18.78628146694267,39_46_168_174_19_108,192,39_46_168_174_19_108_192,False
38,"[np.int64(39), np.int64(46), np.int64(168), np.int64(174), np.int64(19), np.int64(108), np.int64(192), np.int64(67)]",34.74429890247137,39_46_168_174_19_108_192,67,39_46_168_174_19_108_192_67,False
38,"[np.int64(39), np.int64(46), np.int64(168), np.int64(174), np.int64(19), np.int64(108), np.int64(192), np.int64(67), np.int64(23)]",2.316300473039512,39_46_168_174_19_108_192_67,23,39_46_168_174_19_108_192_67_23,False
38,"[np.int64(39), np.int64(46), np.int64(168), np.int64(174), np.int64(19), np.int64(108), np.int64(192), np.int64(67), np.int64(23), np.int64(35)]",7.574344802103745,39_46_168_174_19_108_192_67_23,35,39_46_168_174_19_108_192_67_23_35,True
39,[np.int64(186)],28.506524266460673,,186,186,False
39,"[np.int64(186), np.int64(42)]",18.31624194531766,186,42,186_42,False
39,"[np.int64(186), np.int64(42), np.int64(102)]",44.47343602476997,186_42,102,186_42_102,False
39,"[np.int64(186), np.int64(42), np.int64(102), np.int64(113)]",11.791351765450953,186_42_102,113,186_42_102_113,False
39,"[np.int64(186), np.int64(42), np.int64(102), np.int64(113), np.int64(3)]",7.2291358062577205,186_42_102_113,3,186_42_102_113_3,False
39,"[np.int64(186), np.int64(42), np.int64(102), np.int64(113), np.int64(3), np.int64(4)]",20.0440943686519,186_42_102_113_3,4,186_42_102_113_3_4,False
39,"[np.int64(186), np.int64(42), np.int64(102), np.int64(113), np.int64(3), np.int64(4), np.int64(67)]",17.356771146119677,186_42_102_113_3_4,67,186_42_102_113_3_4_67,False
39,"[np.int64(186), np.int64(42), np.int64(102), np.int64(113), np.int64(3), np.int64(4), np.int64(67), np.int64(122)]",10.665682773031296,186_42_102_113_3_4_67,122,186_42_102_113_3_4_67_122,False
39,"[np.int64(186), np.int64(42), np.int64(102), np.int64(113), np.int64(3), np.int64(4), np.int64(67), np.int64(122), np.int64(172)]",31.624477921899715,186_42_102_113_3_4_67_122,172,186_42_102_113_3_4_67_122_172,False
39,"[np.int64(186), np.int64(42), np.int64(102), np.int64(113), np.int64(3), np.int64(4), np.int64(67), np.int64(122), np.int64(172), np.int64(79)]",35.5737100348345,186_42_102_113_3_4_67_122_172,79,186_42_102_113_3_4_67_122_172_79,True
40,[np.int64(95)],46.702247921816266,,95,95,False
40,"[np.int64(95), np.int64(5)]",-7.1036867825211125,95,5,95_5,False
40,"[np.int64(95), np.int64(5), np.int64(97)]",-9.93866202433312,95_5,97,95_5_97,False
40,"[np.int64(95), np.int64(5), np.int64(97), np.int64(55)]",26.010916658859536,95_5_97,55,95_5_97_55,False
40,"[np.int64(95), np.int64(5), np.int64(97), np.int64(55), np.int64(135)]",7.043627724782915,95_5_97_55,135,95_5_97_55_135,False
40,"[np.int64(95), np.int64(5), np.int64(97), np.int64(55), np.int64(135), np.int64(93)]",42.83290054033742,95_5_97_55_135,93,95_5_97_55_135_93,False
40,"[np.int64(95), np.int64(5), np.int64(97), np.int64(55), np.int64(135), np.int64(93), np.int64(26)]",9.63501847434902,95_5_97_55_135_93,26,95_5_97_55_135_93_26,False
40,"[np.int64(95), np.int64(5), np.int64(97), np.int64(55), np.int64(135), np.int64(93), np.int64(26), np.int64(198)]",7.384256031733358,95_5_97_55_135_93_26,198,95_5_97_55_135_93_26_198,False
40,"[np.int64(95), np.int64(5), np.int64(97), np.int64(55), np.int64(135), np.int64(93), np.int64(26), np.int64(198), np.int64(154)]",6.170637273097837,95_5_97_55_135_93_26_198,154,95_5_97_55_135_93_26_198_154,False
40,"[np.int64(95), np.int64(5), np.int64(97), np.int64(55), np.int64(135), np.int64(93), np.int64(26), np.int64(198), np.int64(154), np.int64(119)]",-1.3088303639053533,95_5_97_55_135_93_26_198_154,119,95_5_97_55_135_93_26_198_154_119,True
41,[np.int64(101)],21.212761325409755,,101,101,False
41,"[np.int64(101), np.int64(168)]",31.762083933747935,101,168,101_168,False
41,"[np.int64(101), np.int64(168), np.int64(136)]",46.52854893682428,101_168,136,101_168_136,False
41,"[np.int64(101), np.int64(168), np.int64(136), np.int64(190)]",0.7471570494173063,101_168_136,190,101_168_136_190,False
41,"[np.int64(101), np.int64(168), np.int64(136), np.int64(190), np.int64(164)]",-3.804471433835046,101_168_136_190,164,101_168_136_190_164,False
41,"[np.int64(101), np.int64(168), np.int64(136), np.int64(190), np.int64(164), np.int64(141)]",-6.874725584370944,101_168_136_190_164,141,101_168_136_190_164_141,False
41,"[np.int64(101), np.int64(168), np.int64(136), np.int64(190), np.int64(164), np.int64(141), np.int64(100)]",16.162494974777015,101_168_136_190_164_141,100,101_168_136_190_164_141_100,False
41,"[np.int64(101), np.int64(168), np.int64(136), np.int64(190), np.int64(164), np.int64(141), np.int64(100), np.int64(72)]",27.388842040157414,101_168_136_190_164_141_100,72,101_168_136_190_164_141_100_72,False
41,"[np.int64(101), np.int64(168), np.int64(136), np.int64(190), np.int64(164), np.int64(141), np.int64(100), np.int64(72), np.int64(71)]",40.43320140507585,101_168_136_190_164_141_100_72,71,101_168_136_190_164_141_100_72_71,False
41,"[np.int64(101), np.int64(168), np.int64(136), np.int64(190), np.int64(164), np.int64(141), np.int64(100), np.int64(72), np.int64(71), np.int64(166)]",30.95869293758788,101_168_136_190_164_141_100_72_71,166,101_168_136_190_164_141_100_72_71_166,True
42,[np.int64(50)],34.86442313850152,,50,50,False
42,"[np.int64(50), np.int64(53)]",5.140040264793657,50,53,50_53,False
42,"[np.int64(50), np.int64(53), np.int64(89)]",14.88188709830769,50_53,89,50_53_89,False
42,"[np.int64(50), np.int64(53), np.int64(89), np.int64(80)]",-5.059470214196697,50_53_89,80,50_53_89_80,False
42,"[np.int64(50), np.int64(53), np.int64(89), np.int64(80), np.int64(117)]",26.39155202303202,50_53_89_80,117,50_53_89_80_117,False
42,"[np.int64(50), np.int64(53), np.int64(89), np.int64(80), np.int64(117), np.int64(155)]",-3.7761901274503495,50_53_89_80_117,155,50_53_89_80_117_155,False
42,"[np.int64(50), np.int64(53), np.int64(89), np.int64(80), np.int64(117), np.int64(155), np.int64(18)]",40.154574932357285,50_53_89_80_117_155,18,50_53_89_80_117_155_18,False
42,"[np.int64(50), np.int64(53), np.int64(89), np.int64(80), np.int64(117), np.int64(155), np.int64(18), np.int64(26)]",38.87322722119981,50_53_89_80_117_155_18,26,50_53_89_80_117_155_18_26,False
42,"[np.int64(50), np.int64(53), np.int64(89), np.int64(80), np.int64(117), np.int64(155), np.int64(18), np.int64(26), np.int64(175)]",22.016306067338572,50_53_89_80_117_155_18_26,175,50_53_89_80_117_155_18_26_175,False
42,"[np.int64(50), np.int64(53), np.int64(89), np.int64(80), np.int64(117), np.int64(155), np.int64(18), np.int64(26), np.int64(175), np.int64(146)]",-1.5300380081782183,50_53_89_80_117_155_18_26_175,146,50_53_89_80_117_155_18_26_175_146,True
43,[np.int64(50)],-7.896103058876878,,50,50,False
43,"[np.int64(50), np.int64(112)]",-7.764767163148234,50,112,50_112,False
43,"[np.int64(50), np.int64(112), np.int64(143)]",-8.419160068364944,50_112,143,50_112_143,False
43,"[np.int64(50), np.int64(112), np.int64(143), np.int64(100)]",34.34748002819278,50_112_143,100,50_112_143_100,False
43,"[np.int64(50), np.int64(112), np.int64(143), np.int64(100), np.int64(2)]",9.080582288857888,50_112_143_100,2,50_112_143_100_2,False
43,"[np.int64(50), np.int64(112), np.int64(143), np.int64(100), np.int64(2), np.int64(78)]",37.77801115805982,50_112_143_100_2,78,50_112_143_100_2_78,False
43,"[np.int64(50), np.int64(112), np.int64(143), np.int64(100), np.int64(2), np.int64(78), np.int64(97)]",15.90396943057095,50_112_143_100_2_78,97,50_112_143_100_2_78_97,False
43,"[np.int64(50), np.int64(112), np.int64(143), np.int64(100), np.int64(2), np.int64(78), np.int64(97), np.int64(172)]",17.17988604979783,50_112_143_100_2_78_97,172,50_112_143_100_2_78_97_172,False
43,"[np.int64(50), np.int64(112), np.int64(143), np.int64(100), np.int64(2), np.int64(78), np.int64(97), np.int64(172), np.int64(149)]",20.772956150574423,50_112_143_100_2_78_97_172,149,50_112_143_100_2_78_97_172_149,False
43,"[np.int64(50), np.int64(112), np.int64(143), np.int64(100), np.int64(2), np.int64(78), np.int64(97), np.int64(172), np.int64(149), np.int64(22)]",32.781887382506234,50_112_143_100_2_78_97_172_149,22,50_112_143_100_2_78_97_172_149_22,True
44,[np.int64(183)],9.806707871314469,,183,183,False
44,"[np.int64(183), np.int64(54)]",9.337848404174508,183,54,183_54,False
44,"[np.int64(183), np.int64(54), np.int64(24)]",23.468160872548815,183_54,24,183_54_24,False
44,"[np.int64(183), np.int64(54), np.int64(24), np.int64(25)]",41.67717996528582,183_54_24,25,183_54_24_25,False
44,"[np.int64(183), np.int64(54), np.int64(24), np.int64(25), np.int64(176)]",3.4343721148088324,183_54_24_25,176,183_54_24_25_176,False
44,"[np.int64(183), np.int64(54), np.int64(24), np.int64(25), np.int64(176), np.int64(62)]",46.47549176254416,183_54_24_25_176,62,183_54_24_25_176_62,False
44,"[np.int64(183), np.int64(54), np.int64(24), np.int64(25), np.int64(176), np.int64(62), np.int64(172)]",25.947121089206494,183_54_24_25_176_62,172,183_54_24_25_176_62_172,False
44,"[np.int64(183), np.int64(54), np.int64(24), np.int64(25), np.int64(176), np.int64(62), np.int64(172), np.int64(72)]",49.52758828113657,183_54_24_25_176_62_172,72,183_54_24_25_176_62_172_72,False
44,"[np.int64(183), np.int64(54), np.int64(24), np.int64(25), np.int64(176), np.int64(62), np.int64(172), np.int64(72), np.int64(78)]",-4.623176560280642,183_54_24_25_176_62_172_72,78,183_54_24_25_176_62_172_72_78,False
44,"[np.int64(183), np.int64(54), np.int64(24), np.int64(25), np.int64(176), np.int64(62), np.int64(172), np.int64(72), np.int64(78), np.int64(166)]",-2.4062718095944557,183_54_24_25_176_62_172_72_78,166,183_54_24_25_176_62_172_72_78_166,True
45,[np.int64(29)],35.527648562258776,,29,29,False
45,"[np.int64(29), np.int64(98)]",47.186665116915826,29,98,29_98,False
45,"[np.int64(29), np.int64(98), np.int64(130)]",-6.751935495860755,29_98,130,29_98_130,False
45,"[np.int64(29), np.int64(98), np.int64(130), np.int64(189)]",25.81141164706946,29_98_130,189,29_98_130_189,False
45,"[np.int64(29), np.int64(98), np.int64(130), np.int64(189), np.int64(11)]",15.670434237623176,29_98_130_189,11,29_98_130_189_11,False
45,"[np.int64(29), np.int64(98), np.int64(130), np.int64(189), np.int64(11), np.int64(90)]",9.837977291572521,29_98_130_189_11,90,29_98_130_189_11_90,False
45,"[np.int64(29), np.int64(98), np.int64(130), np.int64(189), np.int64(11), np.int64(90), np.int64(29)]",-4.580886382055618,29_98_130_189_11_90,29,29_98_130_189_11_90_29,False
45,"[np.int64(29), np.int64(98), np.int64(130), np.int64(189), np.int64(11), np.int64(90), np.int64(29), np.int64(37)]",23.75924718027855,29_98_130_189_11_90_29,37,29_98_130_189_11_90_29_37,False
45,"[np.int64(29), np.int64(98), np.int64(130), np.int64(189), np.int64(11), np.int64(90), np.int64(29), np.int64(37), np.int64(84)]",18.74244354047682,29_98_130_189_11_90_29_37,84,29_98_130_189_11_90_29_37_84,False
45,"[np.int64(29), np.int64(98), np.int64(130), np.int64(189), np.int64(11), np.int64(90), np.int64(29), np.int64(37), np.int64(84), np.int64(59)]",-3.726732510938544,29_98_130_189_11_90_29_37_84,59,29_98_130_189_11_90_29_37_84_59,True
46,[np.int64(112)],16.123363767680804,,112,112,False
46,"[np.int64(112), np.int64(128)]",14.113922477357995,112,128,112_128,False
46,"[np.int64(112), np.int64(128), np.int64(57)]",24.54315831987226,112_128,57,112_128_57,False
46,"[np.int64(112), np.int64(128), np.int64(57), np.int64(2)]",25.00317393966488,112_128_57,2,112_128_57_2,False
46,"[np.int64(112), np.int64(128), np.int64(57), np.int64(2), np.int64(190)]",34.99921906279852,112_128_57_2,190,112_128_57_2_190,False
46,"[np.int64(112), np.int64(128), np.int64(57), np.int64(2), np.int64(190), np.int64(148)]",20.59339689233661,112_128_57_2_190,148,112_128_57_2_190_148,False
46,"[np.int64(112), np.int64(128), np.int64(57), np.int64(2), np.int64(190), np.int64(148), np.int64(22)]",-3.7106415435540674,112_128_57_2_190_148,22,112_128_57_2_190_148_22,False
46,"[np.int64(112), np.int64(128), np.int64(57), np.int64(2), np.int64(190), np.int64(148), np.int64(22), np.int64(136)]",41.497480133186365,112_128_57_2_190_148_22,136,112_128_57_2_190_148_22_136,False
46,"[np.int64(112), np.int64(128), np.int64(57), np.int64(2), np.int64(190), np.int64(148), np.int64(22), np.int64(136), np.int64(82)]",8.585874991111224,112_128_57_2_190_148_22_136,82,112_128_57_2_190_148_22_136_82,False
46,"[np.int64(112), np.int64(128), np.int64(57), np.int64(2), np.int64(190), np.int64(148), np.int64(22), np.int64(136), np.int64(82), np.int64(54)]",48.27784761839552,112_128_57_2_190_148_22_136_82,54,112_128_57_2_190_148_22_136_82_54,True
47,[np.int64(147)],22.636184737416094,,147,147,False
47,"[np.int64(147), np.int64(167)]",13.510580775971144,147,167,147_167,False
47,"[np.int64(147), np.int64(167), np.int64(94)]",8.602425123884858,147_167,94,147_167_94,False
47,"[np.int64(147), np.int64(167), np.int64(94), np.int64(185)]",5.0927331879766875,147_167_94,185,147_167_94_185,False
47,"[np.int64(147), np.int64(167), np.int64(94), np.int64(185), np.int64(158)]",10.605236967840433,147_167_94_185,158,147_167_94_185_158,False
47,"[np.int64(147), np.int64(167), np.int64(94), np.int64(185), np.int64(158), np.int64(37)]",17.59106485402593,147_167_94_185_158,37,147_167_94_185_158_37,False
47,"[np.int64(147), np.int64(167), np.int64(94), np.int64(185), np.int64(158), np.int64(37), np.int64(172)]",1.5195170138474046,147_167_94_185_158_37,172,147_167_94_185_158_37_172,False
47,"[np.int64(147), np.int64(167), np.int64(94), np.int64(185), np.int64(158), np.int64(37), np.int64(172), np.int64(40)]",3.492505508341752,147_167_94_185_158_37_172,40,147_167_94_185_158_37_172_40,False
47,"[np.int64(147), np.int64(167), np.int64(94), np.int64(185), np.int64(158), np.int64(37), np.int64(172), np.int64(40), np.int64(136)]",6.292686120106348,147_167_94_185_158_37_172_40,136,147_167_94_185_158_37_172_40_136,False
47,"[np.int64(147), np.int64(167), np.int64(94), np.int64(185), np.int64(158), np.int64(37), np.int64(172), np.int64(40), np.int64(136), np.int64(136)]",16.95559351585035,147_167_94_185_158_37_172_40_136,136,147_167_94_185_158_37_172_40_136_136,True
48,[np.int64(45)],23.230164950133236,,45,45,False
48,"[np.int64(45), np.int64(47)]",21.786494915407914,45,47,45_47,False
48,"[np.int64(45), np.int64(47), np.int64(197)]",9.304221791496667,45_47,197,45_47_197,False
48,"[np.int64(45), np.int64(47), np.int64(197), np.int64(83)]",-5.498674666424909,45_47_197,83,45_47_197_83,False
48,"[np.int64(45), np.int64(47), np.int64(197), np.int64(83), np.int64(30)]",43.73907382411511,45_47_197_83,30,45_47_197_83_30,False
48,"[np.int64(45), np.int64(47), np.int64(197), np.int64(83), np.int64(30), np.int64(160)]",38.16054875157721,45_47_197_83_30,160,45_47_197_83_30_160,False
48,"[np.int64(45), np.int64(47), np.int64(197), np.int64(83), np.int64(30), np.int64(160), np.int64(171)]",-1.6283931664198437,45_47_197_83_30_160,171,45_47_197_83_30_160_171,False
48,"[np.int64(45), np.int64(47), np.int64(197), np.int64(83), np.int64(30), np.int64(160), np.int64(171), np.int64(70)]",36.60609628100437,45_47_197_83_30_160_171,70,45_47_197_83_30_160_171_70,False
48,"[np.int64(45), np.int64(47), np.int64(197), np.int64(83), np.int64(30), np.int64(160), np.int64(171), np.int64(70), np.int64(7)]",27.5507999630366,45_47_197_83_30_160_171_70,7,45_47_197_83_30_160_171_70_7,False
48,"[np.int64(45), np.int64(47), np.int64(197), np.int64(83), np.int64(30), np.int64(160), np.int64(171), np.int64(70), np.int64(7), np.int64(129)]",14.548627275057338,45_47_197_83_30_160_171_70_7,129,45_47_197_83_30_160_171_70_7_129,True
49,[np.int64(184)],1.62201756714212,,184,184,False
49,"[np.int64(184), np.int64(133)]",2.5030207405295224,184,133,184_133,False
49,"[np.int64(184), np.int64(133), np.int64(12)]",29.678237737212005,184_133,12,184_133_12,False
49,"[np.int64(184), np.int64(133), np.int64(12), np.int64(186)]",44.67536911005729,184_133_12,186,184_133_12_186,False
49,"[np.int64(184), np.int64(133), np.int64(12), np.int64(186), np.int64(29)]",14.225396628700793,184_133_12_186,29,184_133_12_186_29,False
49,"[np.int64(184), np.int64(133), np.int64(12), np.int64(186), np.int64(29), np.int64(99)]",2.4649563807314223,184_133_12_186_29,99,184_133_12_186_29_99,False
49,"[np.int64(184), np.int64(133), np.int64(12), np.int64(186), np.int64(29), np.int64(99), np.int64(1)]",28.924816234199252,184_133_12_186_29_99,1,184_133_12_186_29_99_1,False
49,"[np.int64(184), np.int64(133), np.int64(12), np.int64(186), np.int64(29), np.int64(99), np.int64(1), np.int64(57)]",42.27122278101906,184_133_12_186_29_99_1,57,184_133_12_186_29_99_1_57,False
49,"[np.int64(184), np.int64(133), np.int64(12), np.int64(186), np.int64(29), np.int64(99), np.int64(1), np.int64(57), np.int64(35)]",34.89912806734945,184_133_12_186_29_99_1_57,35,184_133_12_186_29_99_1_57_35,False
49,"[np.int64(184), np.int64(133), np.int64(12), np.int64(186), np.int64(29), np.int64(99), np.int64(1), np.int64(57), np.int64(35), np.int64(71)]",42.12543383219523,184_133_12_186_29_99_1_57_35,71,184_133_12_186_29_99_1_57_35_71,True
