user_id,skill_id,proficiency_level,experience_years,last_updated
31,140,2,12,2019-07-28 11:19:14.594672
43,86,3,18,2019-07-29 11:19:14.594672
17,57,5,9,2019-07-30 11:19:14.594672
5,49,3,4,2019-07-31 11:19:14.594672
17,29,1,6,2019-08-01 11:19:14.594672
18,189,3,15,2019-08-02 11:19:14.594672
21,100,2,0,2019-08-03 11:19:14.594672
36,24,1,11,2019-08-04 11:19:14.594672
31,111,4,1,2019-08-05 11:19:14.594672
40,154,5,6,2019-08-06 11:19:14.594672
2,178,5,10,2019-08-07 11:19:14.594672
27,184,3,12,2019-08-08 11:19:14.594672
9,125,1,1,2019-08-09 11:19:14.594672
34,122,4,6,2019-08-10 11:19:14.594672
28,46,1,14,2019-08-11 11:19:14.594672
14,117,5,10,2019-08-12 11:19:14.594672
32,38,1,1,2019-08-13 11:19:14.594672
6,15,4,6,2019-08-14 11:19:14.594672
11,21,3,3,2019-08-15 11:19:14.594672
48,53,2,10,2019-08-16 11:19:14.594672
29,148,1,1,2019-08-17 11:19:14.594672
20,199,2,15,2019-08-18 11:19:14.594672
30,15,5,6,2019-08-19 11:19:14.594672
23,58,3,12,2019-08-20 11:19:14.594672
19,30,3,4,2019-08-21 11:19:14.594672
36,169,1,16,2019-08-22 11:19:14.594672
3,31,3,11,2019-08-23 11:19:14.594672
27,186,1,18,2019-08-24 11:19:14.594672
43,161,1,6,2019-08-25 11:19:14.594672
19,8,2,5,2019-08-26 11:19:14.594672
23,138,3,7,2019-08-27 11:19:14.594672
49,9,1,12,2019-08-28 11:19:14.594672
48,16,2,4,2019-08-29 11:19:14.594672
31,67,4,1,2019-08-30 11:19:14.594672
40,47,2,8,2019-08-31 11:19:14.594672
35,179,2,10,2019-09-01 11:19:14.594672
33,110,1,5,2019-09-02 11:19:14.594672
35,152,5,6,2019-09-03 11:19:14.594672
1,122,5,6,2019-09-04 11:19:14.594672
14,148,5,18,2019-09-05 11:19:14.594672
33,100,2,5,2019-09-06 11:19:14.594672
35,101,1,10,2019-09-07 11:19:14.594672
5,64,3,10,2019-09-08 11:19:14.594672
38,190,2,6,2019-09-09 11:19:14.594672
41,50,2,1,2019-09-10 11:19:14.594672
11,35,1,18,2019-09-11 11:19:14.594672
2,80,4,3,2019-09-12 11:19:14.594672
44,126,2,5,2019-09-13 11:19:14.594672
17,87,4,16,2019-09-14 11:19:14.594672
39,193,4,4,2019-09-15 11:19:14.594672
20,103,5,6,2019-09-16 11:19:14.594672
14,14,1,8,2019-09-17 11:19:14.594672
32,95,4,0,2019-09-18 11:19:14.594672
34,166,1,0,2019-09-19 11:19:14.594672
25,122,5,18,2019-09-20 11:19:14.594672
7,197,1,5,2019-09-21 11:19:14.594672
35,0,2,17,2019-09-22 11:19:14.594672
47,150,4,9,2019-09-23 11:19:14.594672
29,121,1,10,2019-09-24 11:19:14.594672
22,166,3,0,2019-09-25 11:19:14.594672
41,125,1,0,2019-09-26 11:19:14.594672
43,56,4,12,2019-09-27 11:19:14.594672
13,80,5,4,2019-09-28 11:19:14.594672
13,161,5,19,2019-09-29 11:19:14.594672
1,168,4,0,2019-09-30 11:19:14.594672
36,72,2,19,2019-10-01 11:19:14.594672
4,140,2,2,2019-10-02 11:19:14.594672
37,69,5,17,2019-10-03 11:19:14.594672
44,5,5,8,2019-10-04 11:19:14.594672
40,83,4,13,2019-10-05 11:19:14.594672
46,51,2,16,2019-10-06 11:19:14.594672
13,2,5,13,2019-10-07 11:19:14.594672
38,80,2,3,2019-10-08 11:19:14.594672
24,62,5,4,2019-10-09 11:19:14.594672
19,48,1,16,2019-10-10 11:19:14.594672
1,75,3,1,2019-10-11 11:19:14.594672
38,111,1,4,2019-10-12 11:19:14.594672
5,174,5,3,2019-10-13 11:19:14.594672
16,108,3,3,2019-10-14 11:19:14.594672
24,182,3,5,2019-10-15 11:19:14.594672
27,191,5,19,2019-10-16 11:19:14.594672
1,64,5,12,2019-10-17 11:19:14.594672
34,80,2,4,2019-10-18 11:19:14.594672
36,194,5,6,2019-10-19 11:19:14.594672
4,14,4,19,2019-10-20 11:19:14.594672
0,99,5,0,2019-10-21 11:19:14.594672
39,31,4,13,2019-10-22 11:19:14.594672
11,95,5,3,2019-10-23 11:19:14.594672
35,127,2,16,2019-10-24 11:19:14.594672
44,195,4,13,2019-10-25 11:19:14.594672
22,145,1,15,2019-10-26 11:19:14.594672
46,112,4,13,2019-10-27 11:19:14.594672
30,82,2,15,2019-10-28 11:19:14.594672
10,42,4,19,2019-10-29 11:19:14.594672
9,115,5,7,2019-10-30 11:19:14.594672
2,162,5,2,2019-10-31 11:19:14.594672
13,77,2,18,2019-11-01 11:19:14.594672
15,57,3,0,2019-11-02 11:19:14.594672
9,32,5,1,2019-11-03 11:19:14.594672
28,13,1,14,2019-11-04 11:19:14.594672
9,161,2,9,2019-11-05 11:19:14.594672
11,188,4,17,2019-11-06 11:19:14.594672
29,131,4,13,2019-11-07 11:19:14.594672
40,58,1,16,2019-11-08 11:19:14.594672
0,156,5,12,2019-11-09 11:19:14.594672
4,82,2,0,2019-11-10 11:19:14.594672
19,133,1,4,2019-11-11 11:19:14.594672
7,120,5,12,2019-11-12 11:19:14.594672
42,176,2,13,2019-11-13 11:19:14.594672
11,167,4,2,2019-11-14 11:19:14.594672
0,82,2,14,2019-11-15 11:19:14.594672
19,192,3,18,2019-11-16 11:19:14.594672
27,196,2,16,2019-11-17 11:19:14.594672
42,26,3,2,2019-11-18 11:19:14.594672
36,79,2,15,2019-11-19 11:19:14.594672
46,133,3,13,2019-11-20 11:19:14.594672
36,12,4,11,2019-11-21 11:19:14.594672
11,63,5,11,2019-11-22 11:19:14.594672
36,189,3,10,2019-11-23 11:19:14.594672
48,146,3,16,2019-11-24 11:19:14.594672
48,79,4,7,2019-11-25 11:19:14.594672
43,122,3,16,2019-11-26 11:19:14.594672
27,42,1,19,2019-11-27 11:19:14.594672
46,88,4,10,2019-11-28 11:19:14.594672
14,147,1,1,2019-11-29 11:19:14.594672
5,94,4,9,2019-11-30 11:19:14.594672
43,195,3,9,2019-12-01 11:19:14.594672
19,171,1,10,2019-12-02 11:19:14.594672
49,150,3,5,2019-12-03 11:19:14.594672
13,1,4,3,2019-12-04 11:19:14.594672
1,119,3,11,2019-12-05 11:19:14.594672
8,21,1,10,2019-12-06 11:19:14.594672
36,114,1,12,2019-12-07 11:19:14.594672
19,56,3,4,2019-12-08 11:19:14.594672
25,71,2,5,2019-12-09 11:19:14.594672
28,6,4,0,2019-12-10 11:19:14.594672
0,183,4,5,2019-12-11 11:19:14.594672
34,118,3,17,2019-12-12 11:19:14.594672
5,194,2,8,2019-12-13 11:19:14.594672
36,113,1,14,2019-12-14 11:19:14.594672
4,15,5,7,2019-12-15 11:19:14.594672
32,82,5,18,2019-12-16 11:19:14.594672
48,178,3,15,2019-12-17 11:19:14.594672
13,71,2,5,2019-12-18 11:19:14.594672
11,123,2,5,2019-12-19 11:19:14.594672
41,112,4,2,2019-12-20 11:19:14.594672
19,11,1,9,2019-12-21 11:19:14.594672
49,125,2,0,2019-12-22 11:19:14.594672
23,52,5,13,2019-12-23 11:19:14.594672
42,74,1,3,2019-12-24 11:19:14.594672
33,132,1,11,2019-12-25 11:19:14.594672
24,26,3,5,2019-12-26 11:19:14.594672
49,139,2,10,2019-12-27 11:19:14.594672
28,144,3,11,2019-12-28 11:19:14.594672
38,133,2,9,2019-12-29 11:19:14.594672
30,96,4,17,2019-12-30 11:19:14.594672
46,4,3,6,2019-12-31 11:19:14.594672
42,56,3,6,2020-01-01 11:19:14.594672
49,155,5,10,2020-01-02 11:19:14.594672
22,77,3,3,2020-01-03 11:19:14.594672
43,68,2,19,2020-01-04 11:19:14.594672
37,117,5,0,2020-01-05 11:19:14.594672
19,119,3,12,2020-01-06 11:19:14.594672
22,58,3,17,2020-01-07 11:19:14.594672
44,32,4,8,2020-01-08 11:19:14.594672
15,61,3,8,2020-01-09 11:19:14.594672
49,49,1,8,2020-01-10 11:19:14.594672
41,111,5,9,2020-01-11 11:19:14.594672
7,18,1,1,2020-01-12 11:19:14.594672
49,196,5,5,2020-01-13 11:19:14.594672
20,122,4,14,2020-01-14 11:19:14.594672
0,193,3,2,2020-01-15 11:19:14.594672
7,46,3,10,2020-01-16 11:19:14.594672
28,166,3,5,2020-01-17 11:19:14.594672
31,195,5,2,2020-01-18 11:19:14.594672
37,32,3,10,2020-01-19 11:19:14.594672
4,140,1,14,2020-01-20 11:19:14.594672
46,83,3,12,2020-01-21 11:19:14.594672
21,181,4,19,2020-01-22 11:19:14.594672
46,134,1,9,2020-01-23 11:19:14.594672
33,78,3,5,2020-01-24 11:19:14.594672
0,13,3,14,2020-01-25 11:19:14.594672
25,146,2,17,2020-01-26 11:19:14.594672
42,127,5,17,2020-01-27 11:19:14.594672
9,53,1,6,2020-01-28 11:19:14.594672
29,147,2,14,2020-01-29 11:19:14.594672
49,28,4,17,2020-01-30 11:19:14.594672
17,23,5,17,2020-01-31 11:19:14.594672
16,81,1,19,2020-02-01 11:19:14.594672
25,62,3,8,2020-02-02 11:19:14.594672
7,104,1,1,2020-02-03 11:19:14.594672
46,56,3,7,2020-02-04 11:19:14.594672
39,135,5,19,2020-02-05 11:19:14.594672
48,61,3,1,2020-02-06 11:19:14.594672
11,156,4,10,2020-02-07 11:19:14.594672
26,16,3,6,2020-02-08 11:19:14.594672
7,65,4,5,2020-02-09 11:19:14.594672
24,5,5,9,2020-02-10 11:19:14.594672
45,57,5,4,2020-02-11 11:19:14.594672
3,68,1,10,2020-02-12 11:19:14.594672
32,155,4,0,2020-02-13 11:19:14.594672
0,61,4,1,2020-02-14 11:19:14.594672
18,168,2,0,2020-02-15 11:19:14.594672
30,196,2,18,2020-02-16 11:19:14.594672
15,81,2,1,2020-02-17 11:19:14.594672
13,168,3,19,2020-02-18 11:19:14.594672
47,176,2,3,2020-02-19 11:19:14.594672
4,176,4,11,2020-02-20 11:19:14.594672
40,70,3,19,2020-02-21 11:19:14.594672
25,130,5,17,2020-02-22 11:19:14.594672
27,9,1,0,2020-02-23 11:19:14.594672
1,97,2,0,2020-02-24 11:19:14.594672
49,88,5,13,2020-02-25 11:19:14.594672
5,34,4,3,2020-02-26 11:19:14.594672
8,1,1,4,2020-02-27 11:19:14.594672
32,123,5,10,2020-02-28 11:19:14.594672
40,23,1,12,2020-02-29 11:19:14.594672
24,73,2,15,2020-03-01 11:19:14.594672
47,165,4,12,2020-03-02 11:19:14.594672
12,21,1,1,2020-03-03 11:19:14.594672
8,153,5,15,2020-03-04 11:19:14.594672
12,170,2,5,2020-03-05 11:19:14.594672
30,182,2,13,2020-03-06 11:19:14.594672
40,38,5,0,2020-03-07 11:19:14.594672
10,156,5,16,2020-03-08 11:19:14.594672
3,19,1,10,2020-03-09 11:19:14.594672
33,40,3,18,2020-03-10 11:19:14.594672
37,181,2,2,2020-03-11 11:19:14.594672
45,147,1,10,2020-03-12 11:19:14.594672
3,107,5,4,2020-03-13 11:19:14.594672
37,146,1,16,2020-03-14 11:19:14.594672
18,83,5,6,2020-03-15 11:19:14.594672
5,110,4,9,2020-03-16 11:19:14.594672
33,65,5,10,2020-03-17 11:19:14.594672
17,157,5,2,2020-03-18 11:19:14.594672
12,52,5,19,2020-03-19 11:19:14.594672
40,33,3,9,2020-03-20 11:19:14.594672
22,149,5,9,2020-03-21 11:19:14.594672
18,66,2,13,2020-03-22 11:19:14.594672
44,133,2,11,2020-03-23 11:19:14.594672
10,26,1,14,2020-03-24 11:19:14.594672
0,9,3,9,2020-03-25 11:19:14.594672
23,72,1,9,2020-03-26 11:19:14.594672
6,95,2,18,2020-03-27 11:19:14.594672
24,47,2,0,2020-03-28 11:19:14.594672
20,69,4,9,2020-03-29 11:19:14.594672
14,186,5,1,2020-03-30 11:19:14.594672
0,99,2,16,2020-03-31 11:19:14.594672
11,58,1,6,2020-04-01 11:19:14.594672
6,1,1,6,2020-04-02 11:19:14.594672
14,156,5,19,2020-04-03 11:19:14.594672
20,195,5,8,2020-04-04 11:19:14.594672
18,64,4,1,2020-04-05 11:19:14.594672
28,82,3,13,2020-04-06 11:19:14.594672
24,153,1,16,2020-04-07 11:19:14.594672
32,9,5,0,2020-04-08 11:19:14.594672
48,52,1,8,2020-04-09 11:19:14.594672
31,78,5,19,2020-04-10 11:19:14.594672
48,58,2,18,2020-04-11 11:19:14.594672
34,149,1,3,2020-04-12 11:19:14.594672
43,178,2,7,2020-04-13 11:19:14.594672
37,47,1,12,2020-04-14 11:19:14.594672
25,148,3,3,2020-04-15 11:19:14.594672
10,122,4,8,2020-04-16 11:19:14.594672
34,21,2,8,2020-04-17 11:19:14.594672
7,99,5,17,2020-04-18 11:19:14.594672
45,97,3,11,2020-04-19 11:19:14.594672
13,157,1,9,2020-04-20 11:19:14.594672
9,24,2,10,2020-04-21 11:19:14.594672
1,27,1,6,2020-04-22 11:19:14.594672
45,192,1,8,2020-04-23 11:19:14.594672
8,112,1,5,2020-04-24 11:19:14.594672
2,44,4,18,2020-04-25 11:19:14.594672
20,67,4,15,2020-04-26 11:19:14.594672
25,6,5,14,2020-04-27 11:19:14.594672
7,48,2,6,2020-04-28 11:19:14.594672
47,136,3,15,2020-04-29 11:19:14.594672
1,163,3,4,2020-04-30 11:19:14.594672
5,82,3,15,2020-05-01 11:19:14.594672
27,128,1,0,2020-05-02 11:19:14.594672
28,137,4,18,2020-05-03 11:19:14.594672
25,163,2,4,2020-05-04 11:19:14.594672
24,72,1,6,2020-05-05 11:19:14.594672
11,45,4,18,2020-05-06 11:19:14.594672
4,105,4,4,2020-05-07 11:19:14.594672
33,159,2,16,2020-05-08 11:19:14.594672
47,31,2,7,2020-05-09 11:19:14.594672
36,5,2,0,2020-05-10 11:19:14.594672
14,175,1,1,2020-05-11 11:19:14.594672
43,165,5,14,2020-05-12 11:19:14.594672
35,144,2,19,2020-05-13 11:19:14.594672
14,73,5,17,2020-05-14 11:19:14.594672
42,113,1,10,2020-05-15 11:19:14.594672
47,26,5,9,2020-05-16 11:19:14.594672
22,53,3,3,2020-05-17 11:19:14.594672
5,177,5,4,2020-05-18 11:19:14.594672
45,162,2,3,2020-05-19 11:19:14.594672
49,84,1,12,2020-05-20 11:19:14.594672
43,126,2,12,2020-05-21 11:19:14.594672
42,152,3,17,2020-05-22 11:19:14.594672
44,155,2,1,2020-05-23 11:19:14.594672
20,110,2,15,2020-05-24 11:19:14.594672
22,14,2,0,2020-05-25 11:19:14.594672
42,131,4,18,2020-05-26 11:19:14.594672
15,92,3,8,2020-05-27 11:19:14.594672
46,122,2,2,2020-05-28 11:19:14.594672
14,72,2,6,2020-05-29 11:19:14.594672
24,154,2,9,2020-05-30 11:19:14.594672
35,153,1,0,2020-05-31 11:19:14.594672
10,146,4,9,2020-06-01 11:19:14.594672
14,91,1,8,2020-06-02 11:19:14.594672
3,16,4,14,2020-06-03 11:19:14.594672
20,42,2,14,2020-06-04 11:19:14.594672
12,120,3,2,2020-06-05 11:19:14.594672
21,40,5,4,2020-06-06 11:19:14.594672
18,169,5,8,2020-06-07 11:19:14.594672
33,177,2,8,2020-06-08 11:19:14.594672
13,167,1,6,2020-06-09 11:19:14.594672
3,38,3,11,2020-06-10 11:19:14.594672
47,112,4,8,2020-06-11 11:19:14.594672
45,150,2,5,2020-06-12 11:19:14.594672
26,110,3,1,2020-06-13 11:19:14.594672
28,179,3,8,2020-06-14 11:19:14.594672
46,46,4,16,2020-06-15 11:19:14.594672
27,62,3,0,2020-06-16 11:19:14.594672
34,109,1,18,2020-06-17 11:19:14.594672
7,68,1,5,2020-06-18 11:19:14.594672
15,42,1,4,2020-06-19 11:19:14.594672
41,175,3,1,2020-06-20 11:19:14.594672
35,33,1,8,2020-06-21 11:19:14.594672
29,39,4,13,2020-06-22 11:19:14.594672
17,60,3,3,2020-06-23 11:19:14.594672
1,177,5,3,2020-06-24 11:19:14.594672
48,194,3,14,2020-06-25 11:19:14.594672
12,61,4,7,2020-06-26 11:19:14.594672
3,57,5,3,2020-06-27 11:19:14.594672
25,160,3,15,2020-06-28 11:19:14.594672
24,74,1,3,2020-06-29 11:19:14.594672
29,15,2,15,2020-06-30 11:19:14.594672
10,81,2,11,2020-07-01 11:19:14.594672
6,93,1,15,2020-07-02 11:19:14.594672
30,47,2,18,2020-07-03 11:19:14.594672
43,137,2,7,2020-07-04 11:19:14.594672
9,81,1,5,2020-07-05 11:19:14.594672
38,37,1,9,2020-07-06 11:19:14.594672
12,126,3,4,2020-07-07 11:19:14.594672
30,18,3,17,2020-07-08 11:19:14.594672
6,163,1,9,2020-07-09 11:19:14.594672
48,186,4,9,2020-07-10 11:19:14.594672
41,62,2,6,2020-07-11 11:19:14.594672
41,76,3,17,2020-07-12 11:19:14.594672
35,173,2,0,2020-07-13 11:19:14.594672
19,130,5,6,2020-07-14 11:19:14.594672
3,101,1,0,2020-07-15 11:19:14.594672
6,64,4,14,2020-07-16 11:19:14.594672
0,119,5,3,2020-07-17 11:19:14.594672
43,90,5,19,2020-07-18 11:19:14.594672
44,7,5,9,2020-07-19 11:19:14.594672
41,178,1,8,2020-07-20 11:19:14.594672
46,72,3,1,2020-07-21 11:19:14.594672
12,133,1,13,2020-07-22 11:19:14.594672
21,106,3,15,2020-07-23 11:19:14.594672
20,88,5,0,2020-07-24 11:19:14.594672
21,38,5,1,2020-07-25 11:19:14.594672
27,112,4,6,2020-07-26 11:19:14.594672
8,187,3,9,2020-07-27 11:19:14.594672
25,27,5,19,2020-07-28 11:19:14.594672
8,96,2,0,2020-07-29 11:19:14.594672
14,181,4,12,2020-07-30 11:19:14.594672
9,36,1,0,2020-07-31 11:19:14.594672
23,136,4,4,2020-08-01 11:19:14.594672
41,81,2,15,2020-08-02 11:19:14.594672
7,55,3,14,2020-08-03 11:19:14.594672
23,186,1,16,2020-08-04 11:19:14.594672
15,84,1,15,2020-08-05 11:19:14.594672
48,1,3,12,2020-08-06 11:19:14.594672
25,188,4,10,2020-08-07 11:19:14.594672
26,57,5,16,2020-08-08 11:19:14.594672
36,106,4,16,2020-08-09 11:19:14.594672
3,122,2,1,2020-08-10 11:19:14.594672
49,187,5,12,2020-08-11 11:19:14.594672
23,167,4,13,2020-08-12 11:19:14.594672
18,163,3,10,2020-08-13 11:19:14.594672
35,113,2,9,2020-08-14 11:19:14.594672
38,106,2,2,2020-08-15 11:19:14.594672
9,36,2,16,2020-08-16 11:19:14.594672
24,78,5,14,2020-08-17 11:19:14.594672
17,91,1,8,2020-08-18 11:19:14.594672
18,17,5,9,2020-08-19 11:19:14.594672
35,97,4,7,2020-08-20 11:19:14.594672
9,62,1,12,2020-08-21 11:19:14.594672
32,149,4,17,2020-08-22 11:19:14.594672
49,138,1,4,2020-08-23 11:19:14.594672
4,185,5,5,2020-08-24 11:19:14.594672
46,184,2,16,2020-08-25 11:19:14.594672
48,3,3,10,2020-08-26 11:19:14.594672
34,134,2,19,2020-08-27 11:19:14.594672
43,60,5,15,2020-08-28 11:19:14.594672
33,106,1,8,2020-08-29 11:19:14.594672
32,53,2,1,2020-08-30 11:19:14.594672
20,87,5,4,2020-08-31 11:19:14.594672
16,67,4,0,2020-09-01 11:19:14.594672
21,128,3,3,2020-09-02 11:19:14.594672
47,54,2,3,2020-09-03 11:19:14.594672
36,2,1,2,2020-09-04 11:19:14.594672
14,165,4,8,2020-09-05 11:19:14.594672
34,120,5,11,2020-09-06 11:19:14.594672
27,128,3,9,2020-09-07 11:19:14.594672
6,101,1,1,2020-09-08 11:19:14.594672
31,37,5,10,2020-09-09 11:19:14.594672
10,84,5,9,2020-09-10 11:19:14.594672
9,156,2,5,2020-09-11 11:19:14.594672
8,132,2,17,2020-09-12 11:19:14.594672
13,91,1,1,2020-09-13 11:19:14.594672
12,20,5,1,2020-09-14 11:19:14.594672
24,198,2,9,2020-09-15 11:19:14.594672
1,194,3,15,2020-09-16 11:19:14.594672
34,108,3,11,2020-09-17 11:19:14.594672
6,46,5,0,2020-09-18 11:19:14.594672
20,83,2,7,2020-09-19 11:19:14.594672
17,82,1,15,2020-09-20 11:19:14.594672
2,34,1,17,2020-09-21 11:19:14.594672
41,195,1,12,2020-09-22 11:19:14.594672
38,68,3,14,2020-09-23 11:19:14.594672
40,128,2,11,2020-09-24 11:19:14.594672
48,195,2,7,2020-09-25 11:19:14.594672
10,139,3,9,2020-09-26 11:19:14.594672
38,187,1,13,2020-09-27 11:19:14.594672
23,26,1,4,2020-09-28 11:19:14.594672
45,55,5,17,2020-09-29 11:19:14.594672
18,22,4,18,2020-09-30 11:19:14.594672
3,152,2,14,2020-10-01 11:19:14.594672
25,20,2,5,2020-10-02 11:19:14.594672
37,60,2,10,2020-10-03 11:19:14.594672
41,62,4,10,2020-10-04 11:19:14.594672
31,121,5,19,2020-10-05 11:19:14.594672
38,51,4,19,2020-10-06 11:19:14.594672
44,87,1,17,2020-10-07 11:19:14.594672
45,152,1,17,2020-10-08 11:19:14.594672
35,54,2,9,2020-10-09 11:19:14.594672
39,45,3,1,2020-10-10 11:19:14.594672
36,31,2,8,2020-10-11 11:19:14.594672
32,54,3,13,2020-10-12 11:19:14.594672
35,95,4,18,2020-10-13 11:19:14.594672
2,132,1,9,2020-10-14 11:19:14.594672
8,35,3,3,2020-10-15 11:19:14.594672
7,109,4,5,2020-10-16 11:19:14.594672
32,176,1,13,2020-10-17 11:19:14.594672
5,105,3,3,2020-10-18 11:19:14.594672
40,57,2,14,2020-10-19 11:19:14.594672
38,38,2,15,2020-10-20 11:19:14.594672
3,79,2,6,2020-10-21 11:19:14.594672
12,96,4,16,2020-10-22 11:19:14.594672
48,112,2,18,2020-10-23 11:19:14.594672
1,60,5,18,2020-10-24 11:19:14.594672
4,136,1,16,2020-10-25 11:19:14.594672
43,5,4,5,2020-10-26 11:19:14.594672
26,108,2,10,2020-10-27 11:19:14.594672
31,34,1,15,2020-10-28 11:19:14.594672
20,38,3,7,2020-10-29 11:19:14.594672
7,149,2,10,2020-10-30 11:19:14.594672
37,168,1,6,2020-10-31 11:19:14.594672
7,117,5,18,2020-11-01 11:19:14.594672
49,4,3,9,2020-11-02 11:19:14.594672
2,169,5,8,2020-11-03 11:19:14.594672
43,86,1,3,2020-11-04 11:19:14.594672
2,75,5,14,2020-11-05 11:19:14.594672
21,194,1,12,2020-11-06 11:19:14.594672
5,157,1,1,2020-11-07 11:19:14.594672
1,56,5,1,2020-11-08 11:19:14.594672
22,126,1,15,2020-11-09 11:19:14.594672
43,28,2,8,2020-11-10 11:19:14.594672
1,164,1,12,2020-11-11 11:19:14.594672
37,86,4,2,2020-11-12 11:19:14.594672
16,140,1,8,2020-11-13 11:19:14.594672
34,159,4,12,2020-11-14 11:19:14.594672
33,45,1,1,2020-11-15 11:19:14.594672
22,115,1,7,2020-11-16 11:19:14.594672
29,111,5,8,2020-11-17 11:19:14.594672
7,150,2,15,2020-11-18 11:19:14.594672
21,44,2,1,2020-11-19 11:19:14.594672
43,144,3,5,2020-11-20 11:19:14.594672
35,103,5,7,2020-11-21 11:19:14.594672
4,84,5,4,2020-11-22 11:19:14.594672
12,193,2,8,2020-11-23 11:19:14.594672
28,133,5,0,2020-11-24 11:19:14.594672
30,107,2,8,2020-11-25 11:19:14.594672
46,17,5,9,2020-11-26 11:19:14.594672
15,93,1,3,2020-11-27 11:19:14.594672
41,149,2,2,2020-11-28 11:19:14.594672
29,32,2,9,2020-11-29 11:19:14.594672
15,157,4,14,2020-11-30 11:19:14.594672
11,125,5,10,2020-12-01 11:19:14.594672
16,159,5,13,2020-12-02 11:19:14.594672
15,169,2,5,2020-12-03 11:19:14.594672
11,121,1,11,2020-12-04 11:19:14.594672
7,137,1,12,2020-12-05 11:19:14.594672
19,114,1,16,2020-12-06 11:19:14.594672
2,163,5,15,2020-12-07 11:19:14.594672
15,161,4,2,2020-12-08 11:19:14.594672
29,27,2,1,2020-12-09 11:19:14.594672
44,10,3,10,2020-12-10 11:19:14.594672
22,166,4,8,2020-12-11 11:19:14.594672
27,46,3,2,2020-12-12 11:19:14.594672
39,126,4,17,2020-12-13 11:19:14.594672
4,146,1,19,2020-12-14 11:19:14.594672
19,117,5,14,2020-12-15 11:19:14.594672
39,142,3,13,2020-12-16 11:19:14.594672
43,125,4,1,2020-12-17 11:19:14.594672
0,155,5,16,2020-12-18 11:19:14.594672
29,151,3,7,2020-12-19 11:19:14.594672
20,71,2,9,2020-12-20 11:19:14.594672
19,106,4,17,2020-12-21 11:19:14.594672
5,136,2,18,2020-12-22 11:19:14.594672
21,174,1,7,2020-12-23 11:19:14.594672
17,32,2,7,2020-12-24 11:19:14.594672
7,189,2,2,2020-12-25 11:19:14.594672
38,18,4,2,2020-12-26 11:19:14.594672
31,194,1,11,2020-12-27 11:19:14.594672
32,73,2,16,2020-12-28 11:19:14.594672
15,167,5,3,2020-12-29 11:19:14.594672
11,174,3,16,2020-12-30 11:19:14.594672
37,192,2,13,2020-12-31 11:19:14.594672
33,156,1,18,2021-01-01 11:19:14.594672
13,177,2,8,2021-01-02 11:19:14.594672
35,97,3,11,2021-01-03 11:19:14.594672
32,140,1,4,2021-01-04 11:19:14.594672
22,128,4,10,2021-01-05 11:19:14.594672
49,161,1,19,2021-01-06 11:19:14.594672
44,92,4,2,2021-01-07 11:19:14.594672
1,175,1,14,2021-01-08 11:19:14.594672
40,47,3,13,2021-01-09 11:19:14.594672
20,176,3,10,2021-01-10 11:19:14.594672
1,63,1,19,2021-01-11 11:19:14.594672
26,60,2,7,2021-01-12 11:19:14.594672
8,156,3,3,2021-01-13 11:19:14.594672
0,38,4,11,2021-01-14 11:19:14.594672
10,127,4,7,2021-01-15 11:19:14.594672
2,87,5,5,2021-01-16 11:19:14.594672
22,25,4,14,2021-01-17 11:19:14.594672
25,16,5,11,2021-01-18 11:19:14.594672
3,70,1,15,2021-01-19 11:19:14.594672
17,12,1,15,2021-01-20 11:19:14.594672
5,68,1,19,2021-01-21 11:19:14.594672
34,25,2,19,2021-01-22 11:19:14.594672
21,48,2,3,2021-01-23 11:19:14.594672
42,194,5,10,2021-01-24 11:19:14.594672
14,6,4,12,2021-01-25 11:19:14.594672
21,57,4,8,2021-01-26 11:19:14.594672
36,48,1,3,2021-01-27 11:19:14.594672
41,102,3,11,2021-01-28 11:19:14.594672
11,52,2,8,2021-01-29 11:19:14.594672
46,192,2,12,2021-01-30 11:19:14.594672
48,61,1,15,2021-01-31 11:19:14.594672
41,16,2,5,2021-02-01 11:19:14.594672
37,170,1,9,2021-02-02 11:19:14.594672
17,24,5,12,2021-02-03 11:19:14.594672
44,130,4,6,2021-02-04 11:19:14.594672
34,28,3,18,2021-02-05 11:19:14.594672
29,116,4,18,2021-02-06 11:19:14.594672
23,159,4,16,2021-02-07 11:19:14.594672
41,25,5,12,2021-02-08 11:19:14.594672
29,123,2,12,2021-02-09 11:19:14.594672
13,143,3,1,2021-02-10 11:19:14.594672
5,24,2,9,2021-02-11 11:19:14.594672
2,53,4,12,2021-02-12 11:19:14.594672
15,155,1,8,2021-02-13 11:19:14.594672
6,72,4,0,2021-02-14 11:19:14.594672
13,119,2,13,2021-02-15 11:19:14.594672
8,55,4,15,2021-02-16 11:19:14.594672
14,64,1,19,2021-02-17 11:19:14.594672
20,92,5,14,2021-02-18 11:19:14.594672
34,85,2,0,2021-02-19 11:19:14.594672
1,79,4,16,2021-02-20 11:19:14.594672
26,168,2,12,2021-02-21 11:19:14.594672
1,107,5,14,2021-02-22 11:19:14.594672
34,178,4,15,2021-02-23 11:19:14.594672
17,117,4,15,2021-02-24 11:19:14.594672
13,198,2,1,2021-02-25 11:19:14.594672
19,156,2,16,2021-02-26 11:19:14.594672
17,82,1,10,2021-02-27 11:19:14.594672
9,146,5,7,2021-02-28 11:19:14.594672
24,193,1,19,2021-03-01 11:19:14.594672
1,168,4,2,2021-03-02 11:19:14.594672
24,172,2,11,2021-03-03 11:19:14.594672
32,14,4,19,2021-03-04 11:19:14.594672
35,130,4,15,2021-03-05 11:19:14.594672
30,138,3,13,2021-03-06 11:19:14.594672
13,180,3,15,2021-03-07 11:19:14.594672
0,173,4,16,2021-03-08 11:19:14.594672
45,29,2,10,2021-03-09 11:19:14.594672
15,56,4,16,2021-03-10 11:19:14.594672
45,145,3,18,2021-03-11 11:19:14.594672
2,178,2,0,2021-03-12 11:19:14.594672
34,127,4,11,2021-03-13 11:19:14.594672
40,47,5,14,2021-03-14 11:19:14.594672
5,193,5,17,2021-03-15 11:19:14.594672
24,135,4,13,2021-03-16 11:19:14.594672
12,21,2,0,2021-03-17 11:19:14.594672
33,5,4,12,2021-03-18 11:19:14.594672
7,184,4,14,2021-03-19 11:19:14.594672
20,103,3,6,2021-03-20 11:19:14.594672
33,35,5,14,2021-03-21 11:19:14.594672
3,78,3,19,2021-03-22 11:19:14.594672
24,115,3,9,2021-03-23 11:19:14.594672
14,56,4,13,2021-03-24 11:19:14.594672
3,48,3,5,2021-03-25 11:19:14.594672
44,172,5,13,2021-03-26 11:19:14.594672
11,81,3,11,2021-03-27 11:19:14.594672
31,65,5,10,2021-03-28 11:19:14.594672
31,76,3,19,2021-03-29 11:19:14.594672
27,44,5,18,2021-03-30 11:19:14.594672
12,78,3,1,2021-03-31 11:19:14.594672
30,19,3,19,2021-04-01 11:19:14.594672
13,191,2,0,2021-04-02 11:19:14.594672
19,122,5,7,2021-04-03 11:19:14.594672
17,66,5,13,2021-04-04 11:19:14.594672
28,82,5,8,2021-04-05 11:19:14.594672
5,2,1,1,2021-04-06 11:19:14.594672
31,181,3,4,2021-04-07 11:19:14.594672
28,63,5,7,2021-04-08 11:19:14.594672
42,39,1,15,2021-04-09 11:19:14.594672
1,58,2,15,2021-04-10 11:19:14.594672
22,182,5,12,2021-04-11 11:19:14.594672
18,61,5,19,2021-04-12 11:19:14.594672
30,131,1,14,2021-04-13 11:19:14.594672
4,59,3,0,2021-04-14 11:19:14.594672
18,115,2,2,2021-04-15 11:19:14.594672
33,74,5,5,2021-04-16 11:19:14.594672
9,121,3,13,2021-04-17 11:19:14.594672
24,106,2,3,2021-04-18 11:19:14.594672
1,95,4,17,2021-04-19 11:19:14.594672
10,90,4,14,2021-04-20 11:19:14.594672
49,157,2,8,2021-04-21 11:19:14.594672
30,129,1,17,2021-04-22 11:19:14.594672
14,61,2,2,2021-04-23 11:19:14.594672
8,48,2,9,2021-04-24 11:19:14.594672
22,136,1,16,2021-04-25 11:19:14.594672
18,91,1,6,2021-04-26 11:19:14.594672
8,158,3,14,2021-04-27 11:19:14.594672
34,123,3,0,2021-04-28 11:19:14.594672
20,60,1,10,2021-04-29 11:19:14.594672
8,47,4,16,2021-04-30 11:19:14.594672
27,152,4,4,2021-05-01 11:19:14.594672
45,163,2,6,2021-05-02 11:19:14.594672
6,135,5,18,2021-05-03 11:19:14.594672
15,57,2,14,2021-05-04 11:19:14.594672
15,100,2,2,2021-05-05 11:19:14.594672
32,111,5,14,2021-05-06 11:19:14.594672
3,172,1,4,2021-05-07 11:19:14.594672
3,61,4,11,2021-05-08 11:19:14.594672
38,38,2,19,2021-05-09 11:19:14.594672
39,57,5,4,2021-05-10 11:19:14.594672
16,98,3,2,2021-05-11 11:19:14.594672
36,191,2,8,2021-05-12 11:19:14.594672
38,43,4,8,2021-05-13 11:19:14.594672
28,28,1,6,2021-05-14 11:19:14.594672
35,58,2,1,2021-05-15 11:19:14.594672
37,70,2,15,2021-05-16 11:19:14.594672
38,91,5,8,2021-05-17 11:19:14.594672
49,8,3,12,2021-05-18 11:19:14.594672
36,126,3,18,2021-05-19 11:19:14.594672
34,133,1,19,2021-05-20 11:19:14.594672
6,156,4,16,2021-05-21 11:19:14.594672
26,185,1,5,2021-05-22 11:19:14.594672
27,144,2,3,2021-05-23 11:19:14.594672
21,143,2,0,2021-05-24 11:19:14.594672
13,130,3,17,2021-05-25 11:19:14.594672
6,20,4,18,2021-05-26 11:19:14.594672
36,63,5,8,2021-05-27 11:19:14.594672
21,89,4,12,2021-05-28 11:19:14.594672
4,35,2,7,2021-05-29 11:19:14.594672
1,61,5,12,2021-05-30 11:19:14.594672
26,169,4,14,2021-05-31 11:19:14.594672
20,75,4,10,2021-06-01 11:19:14.594672
37,169,5,11,2021-06-02 11:19:14.594672
14,188,2,13,2021-06-03 11:19:14.594672
20,12,4,3,2021-06-04 11:19:14.594672
9,10,5,0,2021-06-05 11:19:14.594672
22,53,2,3,2021-06-06 11:19:14.594672
38,15,5,18,2021-06-07 11:19:14.594672
4,7,5,8,2021-06-08 11:19:14.594672
0,103,4,9,2021-06-09 11:19:14.594672
12,58,2,3,2021-06-10 11:19:14.594672
20,56,4,19,2021-06-11 11:19:14.594672
25,39,1,8,2021-06-12 11:19:14.594672
49,186,1,12,2021-06-13 11:19:14.594672
44,129,2,11,2021-06-14 11:19:14.594672
20,93,5,10,2021-06-15 11:19:14.594672
17,137,4,11,2021-06-16 11:19:14.594672
36,43,4,17,2021-06-17 11:19:14.594672
44,138,2,11,2021-06-18 11:19:14.594672
31,79,2,15,2021-06-19 11:19:14.594672
35,80,1,4,2021-06-20 11:19:14.594672
16,1,3,19,2021-06-21 11:19:14.594672
34,177,2,11,2021-06-22 11:19:14.594672
48,139,3,10,2021-06-23 11:19:14.594672
10,114,2,8,2021-06-24 11:19:14.594672
20,89,5,17,2021-06-25 11:19:14.594672
25,22,5,2,2021-06-26 11:19:14.594672
3,145,1,19,2021-06-27 11:19:14.594672
33,61,1,16,2021-06-28 11:19:14.594672
47,112,3,13,2021-06-29 11:19:14.594672
17,127,2,0,2021-06-30 11:19:14.594672
39,61,4,16,2021-07-01 11:19:14.594672
34,37,1,7,2021-07-02 11:19:14.594672
40,194,4,4,2021-07-03 11:19:14.594672
28,165,4,4,2021-07-04 11:19:14.594672
28,194,2,8,2021-07-05 11:19:14.594672
37,60,3,2,2021-07-06 11:19:14.594672
41,128,2,18,2021-07-07 11:19:14.594672
20,172,1,8,2021-07-08 11:19:14.594672
41,155,4,17,2021-07-09 11:19:14.594672
12,148,2,15,2021-07-10 11:19:14.594672
48,121,2,0,2021-07-11 11:19:14.594672
40,109,2,1,2021-07-12 11:19:14.594672
16,12,1,13,2021-07-13 11:19:14.594672
8,154,3,13,2021-07-14 11:19:14.594672
40,99,2,0,2021-07-15 11:19:14.594672
0,134,1,15,2021-07-16 11:19:14.594672
1,21,4,14,2021-07-17 11:19:14.594672
47,73,5,14,2021-07-18 11:19:14.594672
28,180,1,11,2021-07-19 11:19:14.594672
32,131,5,15,2021-07-20 11:19:14.594672
9,22,2,13,2021-07-21 11:19:14.594672
49,118,2,14,2021-07-22 11:19:14.594672
39,69,1,14,2021-07-23 11:19:14.594672
20,83,5,18,2021-07-24 11:19:14.594672
27,100,2,7,2021-07-25 11:19:14.594672
10,83,4,1,2021-07-26 11:19:14.594672
33,160,3,1,2021-07-27 11:19:14.594672
7,27,3,9,2021-07-28 11:19:14.594672
21,135,2,2,2021-07-29 11:19:14.594672
7,0,5,16,2021-07-30 11:19:14.594672
48,164,2,7,2021-07-31 11:19:14.594672
14,62,5,3,2021-08-01 11:19:14.594672
16,21,4,13,2021-08-02 11:19:14.594672
22,69,5,9,2021-08-03 11:19:14.594672
23,124,2,0,2021-08-04 11:19:14.594672
44,148,4,3,2021-08-05 11:19:14.594672
18,95,1,0,2021-08-06 11:19:14.594672
4,162,3,16,2021-08-07 11:19:14.594672
31,78,2,16,2021-08-08 11:19:14.594672
43,4,2,6,2021-08-09 11:19:14.594672
0,59,2,19,2021-08-10 11:19:14.594672
22,119,4,14,2021-08-11 11:19:14.594672
36,45,1,12,2021-08-12 11:19:14.594672
7,177,5,1,2021-08-13 11:19:14.594672
12,175,1,18,2021-08-14 11:19:14.594672
7,133,4,12,2021-08-15 11:19:14.594672
22,55,2,10,2021-08-16 11:19:14.594672
42,109,3,14,2021-08-17 11:19:14.594672
0,186,2,9,2021-08-18 11:19:14.594672
44,156,5,8,2021-08-19 11:19:14.594672
23,198,3,8,2021-08-20 11:19:14.594672
34,103,2,19,2021-08-21 11:19:14.594672
23,76,3,0,2021-08-22 11:19:14.594672
16,145,1,16,2021-08-23 11:19:14.594672
4,1,4,11,2021-08-24 11:19:14.594672
19,7,2,9,2021-08-25 11:19:14.594672
20,74,5,4,2021-08-26 11:19:14.594672
39,181,1,17,2021-08-27 11:19:14.594672
30,124,2,14,2021-08-28 11:19:14.594672
45,37,1,5,2021-08-29 11:19:14.594672
35,175,5,6,2021-08-30 11:19:14.594672
10,26,2,16,2021-08-31 11:19:14.594672
14,19,5,5,2021-09-01 11:19:14.594672
18,139,3,7,2021-09-02 11:19:14.594672
6,42,5,11,2021-09-03 11:19:14.594672
27,188,3,13,2021-09-04 11:19:14.594672
42,30,2,11,2021-09-05 11:19:14.594672
4,90,3,9,2021-09-06 11:19:14.594672
4,60,2,19,2021-09-07 11:19:14.594672
29,194,2,14,2021-09-08 11:19:14.594672
31,108,4,6,2021-09-09 11:19:14.594672
7,90,2,8,2021-09-10 11:19:14.594672
9,162,3,9,2021-09-11 11:19:14.594672
37,94,4,9,2021-09-12 11:19:14.594672
46,142,4,15,2021-09-13 11:19:14.594672
31,143,2,6,2021-09-14 11:19:14.594672
47,12,5,4,2021-09-15 11:19:14.594672
27,112,5,2,2021-09-16 11:19:14.594672
16,34,4,17,2021-09-17 11:19:14.594672
30,186,2,10,2021-09-18 11:19:14.594672
7,148,5,14,2021-09-19 11:19:14.594672
39,181,2,19,2021-09-20 11:19:14.594672
24,157,2,4,2021-09-21 11:19:14.594672
8,47,4,11,2021-09-22 11:19:14.594672
1,34,4,3,2021-09-23 11:19:14.594672
14,85,1,14,2021-09-24 11:19:14.594672
49,165,5,8,2021-09-25 11:19:14.594672
2,158,5,6,2021-09-26 11:19:14.594672
48,151,5,9,2021-09-27 11:19:14.594672
35,113,3,12,2021-09-28 11:19:14.594672
3,176,2,7,2021-09-29 11:19:14.594672
13,99,4,11,2021-09-30 11:19:14.594672
40,159,5,18,2021-10-01 11:19:14.594672
40,182,1,0,2021-10-02 11:19:14.594672
24,185,5,15,2021-10-03 11:19:14.594672
49,98,2,16,2021-10-04 11:19:14.594672
9,2,2,17,2021-10-05 11:19:14.594672
20,196,4,10,2021-10-06 11:19:14.594672
35,84,3,17,2021-10-07 11:19:14.594672
11,124,4,6,2021-10-08 11:19:14.594672
26,137,5,17,2021-10-09 11:19:14.594672
39,82,1,7,2021-10-10 11:19:14.594672
1,24,4,5,2021-10-11 11:19:14.594672
12,67,3,6,2021-10-12 11:19:14.594672
31,60,4,9,2021-10-13 11:19:14.594672
30,28,2,10,2021-10-14 11:19:14.594672
15,126,5,12,2021-10-15 11:19:14.594672
31,18,5,8,2021-10-16 11:19:14.594672
31,170,5,6,2021-10-17 11:19:14.594672
33,193,5,8,2021-10-18 11:19:14.594672
10,73,5,12,2021-10-19 11:19:14.594672
9,60,5,2,2021-10-20 11:19:14.594672
14,170,1,2,2021-10-21 11:19:14.594672
16,152,3,0,2021-10-22 11:19:14.594672
39,19,5,19,2021-10-23 11:19:14.594672
17,47,3,1,2021-10-24 11:19:14.594672
8,86,5,2,2021-10-25 11:19:14.594672
24,151,4,14,2021-10-26 11:19:14.594672
39,138,5,5,2021-10-27 11:19:14.594672
13,109,2,12,2021-10-28 11:19:14.594672
24,182,1,0,2021-10-29 11:19:14.594672
49,27,4,19,2021-10-30 11:19:14.594672
21,196,4,18,2021-10-31 11:19:14.594672
29,190,2,0,2021-11-01 11:19:14.594672
19,58,5,1,2021-11-02 11:19:14.594672
20,132,1,14,2021-11-03 11:19:14.594672
43,50,4,13,2021-11-04 11:19:14.594672
31,148,1,18,2021-11-05 11:19:14.594672
45,11,4,10,2021-11-06 11:19:14.594672
48,49,5,14,2021-11-07 11:19:14.594672
20,131,4,5,2021-11-08 11:19:14.594672
34,112,4,19,2021-11-09 11:19:14.594672
31,169,3,8,2021-11-10 11:19:14.594672
29,165,5,4,2021-11-11 11:19:14.594672
38,152,2,19,2021-11-12 11:19:14.594672
48,13,2,1,2021-11-13 11:19:14.594672
11,31,5,5,2021-11-14 11:19:14.594672
40,138,2,17,2021-11-15 11:19:14.594672
46,188,5,18,2021-11-16 11:19:14.594672
17,145,2,8,2021-11-17 11:19:14.594672
20,154,3,5,2021-11-18 11:19:14.594672
12,54,2,13,2021-11-19 11:19:14.594672
20,181,4,12,2021-11-20 11:19:14.594672
7,119,5,10,2021-11-21 11:19:14.594672
45,74,1,11,2021-11-22 11:19:14.594672
39,20,1,18,2021-11-23 11:19:14.594672
45,171,5,18,2021-11-24 11:19:14.594672
6,132,3,18,2021-11-25 11:19:14.594672
22,86,2,12,2021-11-26 11:19:14.594672
43,168,3,13,2021-11-27 11:19:14.594672
31,58,1,17,2021-11-28 11:19:14.594672
10,88,5,11,2021-11-29 11:19:14.594672
21,181,5,3,2021-11-30 11:19:14.594672
21,149,3,9,2021-12-01 11:19:14.594672
42,82,3,16,2021-12-02 11:19:14.594672
24,64,2,3,2021-12-03 11:19:14.594672
21,63,4,11,2021-12-04 11:19:14.594672
27,70,4,12,2021-12-05 11:19:14.594672
28,3,2,3,2021-12-06 11:19:14.594672
12,192,4,9,2021-12-07 11:19:14.594672
17,142,1,2,2021-12-08 11:19:14.594672
1,103,4,14,2021-12-09 11:19:14.594672
28,149,2,1,2021-12-10 11:19:14.594672
20,174,4,16,2021-12-11 11:19:14.594672
14,92,5,5,2021-12-12 11:19:14.594672
26,173,3,7,2021-12-13 11:19:14.594672
49,141,1,2,2021-12-14 11:19:14.594672
30,177,5,17,2021-12-15 11:19:14.594672
14,147,5,0,2021-12-16 11:19:14.594672
22,177,2,15,2021-12-17 11:19:14.594672
23,111,3,6,2021-12-18 11:19:14.594672
43,160,3,2,2021-12-19 11:19:14.594672
12,118,1,3,2021-12-20 11:19:14.594672
21,58,2,8,2021-12-21 11:19:14.594672
42,42,1,4,2021-12-22 11:19:14.594672
36,11,4,18,2021-12-23 11:19:14.594672
32,39,5,14,2021-12-24 11:19:14.594672
2,117,1,7,2021-12-25 11:19:14.594672
18,19,5,5,2021-12-26 11:19:14.594672
22,165,2,17,2021-12-27 11:19:14.594672
28,130,4,18,2021-12-28 11:19:14.594672
29,155,2,14,2021-12-29 11:19:14.594672
38,183,4,6,2021-12-30 11:19:14.594672
43,89,4,9,2021-12-31 11:19:14.594672
46,93,5,5,2022-01-01 11:19:14.594672
24,12,2,13,2022-01-02 11:19:14.594672
36,65,2,16,2022-01-03 11:19:14.594672
46,36,1,8,2022-01-04 11:19:14.594672
7,176,2,18,2022-01-05 11:19:14.594672
41,65,1,4,2022-01-06 11:19:14.594672
15,35,3,6,2022-01-07 11:19:14.594672
7,181,3,18,2022-01-08 11:19:14.594672
0,25,3,19,2022-01-09 11:19:14.594672
43,74,2,6,2022-01-10 11:19:14.594672
4,199,2,1,2022-01-11 11:19:14.594672
2,107,1,15,2022-01-12 11:19:14.594672
0,167,4,12,2022-01-13 11:19:14.594672
3,42,1,7,2022-01-14 11:19:14.594672
39,149,3,5,2022-01-15 11:19:14.594672
34,147,1,5,2022-01-16 11:19:14.594672
31,7,4,8,2022-01-17 11:19:14.594672
41,28,2,3,2022-01-18 11:19:14.594672
33,39,1,10,2022-01-19 11:19:14.594672
42,157,3,4,2022-01-20 11:19:14.594672
24,127,3,16,2022-01-21 11:19:14.594672
9,83,2,19,2022-01-22 11:19:14.594672
20,115,1,6,2022-01-23 11:19:14.594672
45,182,4,14,2022-01-24 11:19:14.594672
38,143,2,14,2022-01-25 11:19:14.594672
26,173,1,13,2022-01-26 11:19:14.594672
26,61,5,12,2022-01-27 11:19:14.594672
1,6,3,10,2022-01-28 11:19:14.594672
40,44,4,12,2022-01-29 11:19:14.594672
47,186,4,8,2022-01-30 11:19:14.594672
12,183,4,9,2022-01-31 11:19:14.594672
8,175,3,3,2022-02-01 11:19:14.594672
35,154,1,16,2022-02-02 11:19:14.594672
21,180,2,13,2022-02-03 11:19:14.594672
41,87,1,17,2022-02-04 11:19:14.594672
25,72,2,10,2022-02-05 11:19:14.594672
11,162,4,15,2022-02-06 11:19:14.594672
16,178,1,0,2022-02-07 11:19:14.594672
13,36,4,6,2022-02-08 11:19:14.594672
13,118,5,9,2022-02-09 11:19:14.594672
33,56,4,8,2022-02-10 11:19:14.594672
19,7,4,2,2022-02-11 11:19:14.594672
10,94,2,13,2022-02-12 11:19:14.594672
15,116,5,14,2022-02-13 11:19:14.594672
30,109,4,1,2022-02-14 11:19:14.594672
5,19,4,13,2022-02-15 11:19:14.594672
18,123,5,15,2022-02-16 11:19:14.594672
36,52,5,6,2022-02-17 11:19:14.594672
3,118,1,3,2022-02-18 11:19:14.594672
46,11,2,17,2022-02-19 11:19:14.594672
3,176,5,4,2022-02-20 11:19:14.594672
19,16,5,5,2022-02-21 11:19:14.594672
9,63,3,6,2022-02-22 11:19:14.594672
23,41,5,14,2022-02-23 11:19:14.594672
34,93,2,0,2022-02-24 11:19:14.594672
25,156,4,3,2022-02-25 11:19:14.594672
36,146,4,0,2022-02-26 11:19:14.594672
37,10,4,10,2022-02-27 11:19:14.594672
20,97,4,17,2022-02-28 11:19:14.594672
39,177,3,13,2022-03-01 11:19:14.594672
38,70,5,10,2022-03-02 11:19:14.594672
20,107,4,9,2022-03-03 11:19:14.594672
9,57,1,16,2022-03-04 11:19:14.594672
37,33,4,3,2022-03-05 11:19:14.594672
45,19,5,14,2022-03-06 11:19:14.594672
3,49,4,15,2022-03-07 11:19:14.594672
44,101,3,12,2022-03-08 11:19:14.594672
19,137,2,8,2022-03-09 11:19:14.594672
16,159,2,10,2022-03-10 11:19:14.594672
6,51,5,10,2022-03-11 11:19:14.594672
3,14,2,5,2022-03-12 11:19:14.594672
28,83,2,0,2022-03-13 11:19:14.594672
13,130,1,5,2022-03-14 11:19:14.594672
2,36,5,12,2022-03-15 11:19:14.594672
23,125,5,4,2022-03-16 11:19:14.594672
36,39,2,14,2022-03-17 11:19:14.594672
15,71,2,17,2022-03-18 11:19:14.594672
3,39,2,19,2022-03-19 11:19:14.594672
23,55,3,13,2022-03-20 11:19:14.594672
33,150,4,14,2022-03-21 11:19:14.594672
29,103,3,4,2022-03-22 11:19:14.594672
17,138,5,3,2022-03-23 11:19:14.594672
18,109,1,1,2022-03-24 11:19:14.594672
30,191,4,6,2022-03-25 11:19:14.594672
18,135,1,9,2022-03-26 11:19:14.594672
48,92,5,15,2022-03-27 11:19:14.594672
45,93,5,9,2022-03-28 11:19:14.594672
18,55,1,17,2022-03-29 11:19:14.594672
21,59,1,16,2022-03-30 11:19:14.594672
23,137,1,12,2022-03-31 11:19:14.594672
44,38,5,0,2022-04-01 11:19:14.594672
11,27,2,0,2022-04-02 11:19:14.594672
29,48,1,14,2022-04-03 11:19:14.594672
37,163,4,0,2022-04-04 11:19:14.594672
30,124,5,5,2022-04-05 11:19:14.594672
35,12,3,12,2022-04-06 11:19:14.594672
18,35,3,0,2022-04-07 11:19:14.594672
47,100,4,4,2022-04-08 11:19:14.594672
44,25,2,8,2022-04-09 11:19:14.594672
35,85,1,16,2022-04-10 11:19:14.594672
29,3,5,15,2022-04-11 11:19:14.594672
48,81,1,7,2022-04-12 11:19:14.594672
32,191,5,16,2022-04-13 11:19:14.594672
17,165,3,14,2022-04-14 11:19:14.594672
48,126,1,0,2022-04-15 11:19:14.594672
27,87,4,11,2022-04-16 11:19:14.594672
46,126,2,4,2022-04-17 11:19:14.594672
10,119,4,5,2022-04-18 11:19:14.594672
44,21,2,0,2022-04-19 11:19:14.594672
32,129,1,0,2022-04-20 11:19:14.594672
16,30,1,9,2022-04-21 11:19:14.594672
5,118,2,9,2022-04-22 11:19:14.594672
3,10,3,2,2022-04-23 11:19:14.594672
19,45,5,16,2022-04-24 11:19:14.594672
47,95,4,18,2022-04-25 11:19:14.594672
46,189,4,10,2022-04-26 11:19:14.594672
26,196,4,17,2022-04-27 11:19:14.594672
14,191,1,1,2022-04-28 11:19:14.594672
5,9,4,8,2022-04-29 11:19:14.594672
46,167,5,16,2022-04-30 11:19:14.594672
13,127,5,13,2022-05-01 11:19:14.594672
10,151,2,3,2022-05-02 11:19:14.594672
38,98,1,16,2022-05-03 11:19:14.594672
8,171,5,16,2022-05-04 11:19:14.594672
25,111,3,11,2022-05-05 11:19:14.594672
15,59,1,19,2022-05-06 11:19:14.594672
4,189,1,17,2022-05-07 11:19:14.594672
9,86,5,2,2022-05-08 11:19:14.594672
49,144,3,10,2022-05-09 11:19:14.594672
2,64,2,17,2022-05-10 11:19:14.594672
12,56,5,3,2022-05-11 11:19:14.594672
42,182,3,16,2022-05-12 11:19:14.594672
48,105,1,17,2022-05-13 11:19:14.594672
29,180,3,4,2022-05-14 11:19:14.594672
44,183,1,13,2022-05-15 11:19:14.594672
5,8,5,9,2022-05-16 11:19:14.594672
16,21,5,14,2022-05-17 11:19:14.594672
44,140,4,0,2022-05-18 11:19:14.594672
18,88,4,15,2022-05-19 11:19:14.594672
41,175,4,10,2022-05-20 11:19:14.594672
34,17,5,19,2022-05-21 11:19:14.594672
45,114,2,5,2022-05-22 11:19:14.594672
25,167,5,15,2022-05-23 11:19:14.594672
4,144,3,1,2022-05-24 11:19:14.594672
28,142,5,0,2022-05-25 11:19:14.594672
36,105,5,8,2022-05-26 11:19:14.594672
19,14,1,11,2022-05-27 11:19:14.594672
48,62,1,16,2022-05-28 11:19:14.594672
20,166,1,14,2022-05-29 11:19:14.594672
9,12,5,18,2022-05-30 11:19:14.594672
4,80,2,9,2022-05-31 11:19:14.594672
35,31,3,11,2022-06-01 11:19:14.594672
5,136,3,13,2022-06-02 11:19:14.594672
25,39,2,8,2022-06-03 11:19:14.594672
3,147,2,12,2022-06-04 11:19:14.594672
38,81,3,2,2022-06-05 11:19:14.594672
38,76,4,13,2022-06-06 11:19:14.594672
49,190,1,9,2022-06-07 11:19:14.594672
34,75,1,15,2022-06-08 11:19:14.594672
0,171,3,6,2022-06-09 11:19:14.594672
23,37,2,3,2022-06-10 11:19:14.594672
35,187,4,19,2022-06-11 11:19:14.594672
5,70,3,10,2022-06-12 11:19:14.594672
40,47,1,15,2022-06-13 11:19:14.594672
45,17,5,19,2022-06-14 11:19:14.594672
43,143,2,3,2022-06-15 11:19:14.594672
30,182,5,16,2022-06-16 11:19:14.594672
19,38,3,12,2022-06-17 11:19:14.594672
23,195,1,10,2022-06-18 11:19:14.594672
24,186,4,2,2022-06-19 11:19:14.594672
35,88,5,8,2022-06-20 11:19:14.594672
20,61,4,5,2022-06-21 11:19:14.594672
29,140,1,10,2022-06-22 11:19:14.594672
23,108,5,15,2022-06-23 11:19:14.594672
43,80,4,18,2022-06-24 11:19:14.594672
41,133,4,4,2022-06-25 11:19:14.594672
29,76,5,13,2022-06-26 11:19:14.594672
21,187,1,16,2022-06-27 11:19:14.594672
27,89,4,2,2022-06-28 11:19:14.594672
6,13,3,3,2022-06-29 11:19:14.594672
34,94,5,15,2022-06-30 11:19:14.594672
27,53,2,15,2022-07-01 11:19:14.594672
13,131,2,3,2022-07-02 11:19:14.594672
9,38,1,18,2022-07-03 11:19:14.594672
15,71,3,16,2022-07-04 11:19:14.594672
15,24,4,12,2022-07-05 11:19:14.594672
30,76,2,0,2022-07-06 11:19:14.594672
41,159,1,11,2022-07-07 11:19:14.594672
24,186,3,3,2022-07-08 11:19:14.594672
12,190,3,10,2022-07-09 11:19:14.594672
5,165,1,4,2022-07-10 11:19:14.594672
43,119,1,1,2022-07-11 11:19:14.594672
8,52,4,16,2022-07-12 11:19:14.594672
44,194,1,7,2022-07-13 11:19:14.594672
35,155,4,5,2022-07-14 11:19:14.594672
42,130,4,8,2022-07-15 11:19:14.594672
19,149,5,12,2022-07-16 11:19:14.594672
17,95,3,10,2022-07-17 11:19:14.594672
42,165,3,15,2022-07-18 11:19:14.594672
20,199,3,15,2022-07-19 11:19:14.594672
3,71,5,1,2022-07-20 11:19:14.594672
49,61,4,9,2022-07-21 11:19:14.594672
32,184,4,11,2022-07-22 11:19:14.594672
26,5,1,7,2022-07-23 11:19:14.594672
6,31,5,10,2022-07-24 11:19:14.594672
5,98,1,9,2022-07-25 11:19:14.594672
14,137,5,12,2022-07-26 11:19:14.594672
17,130,1,16,2022-07-27 11:19:14.594672
31,186,2,6,2022-07-28 11:19:14.594672
10,75,3,2,2022-07-29 11:19:14.594672
19,176,3,19,2022-07-30 11:19:14.594672
23,58,4,12,2022-07-31 11:19:14.594672
14,30,2,18,2022-08-01 11:19:14.594672
47,92,3,6,2022-08-02 11:19:14.594672
6,68,4,8,2022-08-03 11:19:14.594672
20,189,2,18,2022-08-04 11:19:14.594672
41,51,3,12,2022-08-05 11:19:14.594672
25,88,1,7,2022-08-06 11:19:14.594672
43,126,5,17,2022-08-07 11:19:14.594672
13,168,2,1,2022-08-08 11:19:14.594672
36,30,4,17,2022-08-09 11:19:14.594672
20,83,2,17,2022-08-10 11:19:14.594672
17,126,4,10,2022-08-11 11:19:14.594672
4,149,2,0,2022-08-12 11:19:14.594672
2,131,4,13,2022-08-13 11:19:14.594672
22,12,3,15,2022-08-14 11:19:14.594672
25,44,1,10,2022-08-15 11:19:14.594672
36,126,3,0,2022-08-16 11:19:14.594672
23,169,1,6,2022-08-17 11:19:14.594672
48,113,3,15,2022-08-18 11:19:14.594672
18,176,3,13,2022-08-19 11:19:14.594672
24,19,2,14,2022-08-20 11:19:14.594672
20,80,5,13,2022-08-21 11:19:14.594672
11,181,4,10,2022-08-22 11:19:14.594672
40,163,4,15,2022-08-23 11:19:14.594672
32,128,4,18,2022-08-24 11:19:14.594672
49,142,1,16,2022-08-25 11:19:14.594672
3,16,4,5,2022-08-26 11:19:14.594672
41,151,4,10,2022-08-27 11:19:14.594672
6,57,2,16,2022-08-28 11:19:14.594672
21,71,3,8,2022-08-29 11:19:14.594672
32,108,4,17,2022-08-30 11:19:14.594672
16,22,5,16,2022-08-31 11:19:14.594672
23,173,4,11,2022-09-01 11:19:14.594672
33,71,1,4,2022-09-02 11:19:14.594672
27,7,1,10,2022-09-03 11:19:14.594672
42,58,1,3,2022-09-04 11:19:14.594672
40,110,4,3,2022-09-05 11:19:14.594672
38,186,2,2,2022-09-06 11:19:14.594672
21,12,5,16,2022-09-07 11:19:14.594672
48,166,4,6,2022-09-08 11:19:14.594672
16,155,2,3,2022-09-09 11:19:14.594672
33,188,2,12,2022-09-10 11:19:14.594672
5,15,4,11,2022-09-11 11:19:14.594672
45,118,4,0,2022-09-12 11:19:14.594672
5,1,2,18,2022-09-13 11:19:14.594672
33,144,2,19,2022-09-14 11:19:14.594672
0,29,2,17,2022-09-15 11:19:14.594672
9,102,4,10,2022-09-16 11:19:14.594672
20,12,2,19,2022-09-17 11:19:14.594672
4,95,1,2,2022-09-18 11:19:14.594672
1,93,4,16,2022-09-19 11:19:14.594672
21,81,1,11,2022-09-20 11:19:14.594672
47,12,3,9,2022-09-21 11:19:14.594672
1,170,4,7,2022-09-22 11:19:14.594672
9,93,3,14,2022-09-23 11:19:14.594672
33,148,2,4,2022-09-24 11:19:14.594672
15,111,2,3,2022-09-25 11:19:14.594672
47,54,5,19,2022-09-26 11:19:14.594672
38,80,2,18,2022-09-27 11:19:14.594672
21,167,3,3,2022-09-28 11:19:14.594672
11,115,2,14,2022-09-29 11:19:14.594672
23,142,4,16,2022-09-30 11:19:14.594672
46,179,2,11,2022-10-01 11:19:14.594672
39,107,5,2,2022-10-02 11:19:14.594672
37,52,2,9,2022-10-03 11:19:14.594672
9,127,3,14,2022-10-04 11:19:14.594672
34,179,3,9,2022-10-05 11:19:14.594672
48,157,2,17,2022-10-06 11:19:14.594672
31,160,3,0,2022-10-07 11:19:14.594672
6,56,3,2,2022-10-08 11:19:14.594672
20,51,5,11,2022-10-09 11:19:14.594672
19,136,4,0,2022-10-10 11:19:14.594672
25,181,5,2,2022-10-11 11:19:14.594672
3,110,1,2,2022-10-12 11:19:14.594672
45,0,5,4,2022-10-13 11:19:14.594672
21,43,2,18,2022-10-14 11:19:14.594672
14,74,4,0,2022-10-15 11:19:14.594672
39,97,2,3,2022-10-16 11:19:14.594672
20,8,1,3,2022-10-17 11:19:14.594672
14,31,4,16,2022-10-18 11:19:14.594672
21,14,3,13,2022-10-19 11:19:14.594672
27,139,5,17,2022-10-20 11:19:14.594672
13,184,2,0,2022-10-21 11:19:14.594672
26,135,1,15,2022-10-22 11:19:14.594672
40,71,3,2,2022-10-23 11:19:14.594672
39,154,5,8,2022-10-24 11:19:14.594672
27,189,3,3,2022-10-25 11:19:14.594672
25,11,5,4,2022-10-26 11:19:14.594672
48,64,4,10,2022-10-27 11:19:14.594672
1,106,3,8,2022-10-28 11:19:14.594672
24,41,3,2,2022-10-29 11:19:14.594672
2,189,3,5,2022-10-30 11:19:14.594672
7,114,4,10,2022-10-31 11:19:14.594672
43,138,1,8,2022-11-01 11:19:14.594672
32,102,5,14,2022-11-02 11:19:14.594672
41,170,3,2,2022-11-03 11:19:14.594672
34,94,4,0,2022-11-04 11:19:14.594672
5,16,1,19,2022-11-05 11:19:14.594672
38,159,5,18,2022-11-06 11:19:14.594672
22,84,4,13,2022-11-07 11:19:14.594672
24,167,5,16,2022-11-08 11:19:14.594672
49,150,3,13,2022-11-09 11:19:14.594672
42,55,1,16,2022-11-10 11:19:14.594672
18,133,4,13,2022-11-11 11:19:14.594672
4,85,1,11,2022-11-12 11:19:14.594672
10,177,3,15,2022-11-13 11:19:14.594672
11,101,1,0,2022-11-14 11:19:14.594672
9,164,1,12,2022-11-15 11:19:14.594672
7,191,2,5,2022-11-16 11:19:14.594672
23,53,1,16,2022-11-17 11:19:14.594672
27,199,5,11,2022-11-18 11:19:14.594672
40,176,4,18,2022-11-19 11:19:14.594672
35,114,2,5,2022-11-20 11:19:14.594672
36,138,4,6,2022-11-21 11:19:14.594672
20,87,4,0,2022-11-22 11:19:14.594672
7,48,3,0,2022-11-23 11:19:14.594672
8,148,3,4,2022-11-24 11:19:14.594672
46,114,2,5,2022-11-25 11:19:14.594672
14,193,3,15,2022-11-26 11:19:14.594672
47,62,3,15,2022-11-27 11:19:14.594672
45,103,3,13,2022-11-28 11:19:14.594672
39,82,4,0,2022-11-29 11:19:14.594672
17,102,2,12,2022-11-30 11:19:14.594672
41,155,4,19,2022-12-01 11:19:14.594672
19,16,5,9,2022-12-02 11:19:14.594672
5,5,4,9,2022-12-03 11:19:14.594672
11,146,5,8,2022-12-04 11:19:14.594672
1,183,1,12,2022-12-05 11:19:14.594672
6,27,1,2,2022-12-06 11:19:14.594672
15,193,5,17,2022-12-07 11:19:14.594672
2,37,5,19,2022-12-08 11:19:14.594672
44,118,4,1,2022-12-09 11:19:14.594672
2,36,5,16,2022-12-10 11:19:14.594672
26,114,2,18,2022-12-11 11:19:14.594672
49,67,1,12,2022-12-12 11:19:14.594672
42,176,1,12,2022-12-13 11:19:14.594672
39,42,5,0,2022-12-14 11:19:14.594672
37,163,3,1,2022-12-15 11:19:14.594672
32,57,3,0,2022-12-16 11:19:14.594672
27,12,5,4,2022-12-17 11:19:14.594672
0,51,2,2,2022-12-18 11:19:14.594672
7,57,3,6,2022-12-19 11:19:14.594672
36,31,5,12,2022-12-20 11:19:14.594672
31,104,2,17,2022-12-21 11:19:14.594672
47,187,2,6,2022-12-22 11:19:14.594672
42,82,4,0,2022-12-23 11:19:14.594672
36,185,2,4,2022-12-24 11:19:14.594672
3,98,3,16,2022-12-25 11:19:14.594672
29,103,3,7,2022-12-26 11:19:14.594672
5,183,5,14,2022-12-27 11:19:14.594672
45,27,5,19,2022-12-28 11:19:14.594672
18,128,2,3,2022-12-29 11:19:14.594672
31,169,1,1,2022-12-30 11:19:14.594672
8,47,4,4,2022-12-31 11:19:14.594672
11,39,1,0,2023-01-01 11:19:14.594672
10,96,2,4,2023-01-02 11:19:14.594672
45,190,2,5,2023-01-03 11:19:14.594672
15,199,1,1,2023-01-04 11:19:14.594672
0,113,4,0,2023-01-05 11:19:14.594672
44,131,1,3,2023-01-06 11:19:14.594672
20,165,5,6,2023-01-07 11:19:14.594672
29,154,3,0,2023-01-08 11:19:14.594672
12,136,5,0,2023-01-09 11:19:14.594672
33,110,3,7,2023-01-10 11:19:14.594672
3,143,2,19,2023-01-11 11:19:14.594672
27,183,4,15,2023-01-12 11:19:14.594672
37,75,1,12,2023-01-13 11:19:14.594672
30,30,4,17,2023-01-14 11:19:14.594672
26,118,1,19,2023-01-15 11:19:14.594672
4,141,5,9,2023-01-16 11:19:14.594672
24,24,5,11,2023-01-17 11:19:14.594672
2,33,1,0,2023-01-18 11:19:14.594672
32,66,4,9,2023-01-19 11:19:14.594672
3,151,1,8,2023-01-20 11:19:14.594672
24,117,2,2,2023-01-21 11:19:14.594672
19,72,5,18,2023-01-22 11:19:14.594672
33,25,2,8,2023-01-23 11:19:14.594672
25,147,5,9,2023-01-24 11:19:14.594672
4,191,5,18,2023-01-25 11:19:14.594672
34,103,3,15,2023-01-26 11:19:14.594672
27,9,2,17,2023-01-27 11:19:14.594672
28,66,2,13,2023-01-28 11:19:14.594672
8,151,3,2,2023-01-29 11:19:14.594672
37,4,4,1,2023-01-30 11:19:14.594672
49,194,2,0,2023-01-31 11:19:14.594672
5,185,1,17,2023-02-01 11:19:14.594672
18,26,3,8,2023-02-02 11:19:14.594672
43,112,2,12,2023-02-03 11:19:14.594672
10,14,4,1,2023-02-04 11:19:14.594672
1,162,2,6,2023-02-05 11:19:14.594672
46,104,5,15,2023-02-06 11:19:14.594672
43,180,1,18,2023-02-07 11:19:14.594672
43,43,3,14,2023-02-08 11:19:14.594672
8,25,5,10,2023-02-09 11:19:14.594672
20,174,4,0,2023-02-10 11:19:14.594672
23,161,5,6,2023-02-11 11:19:14.594672
33,94,5,19,2023-02-12 11:19:14.594672
21,177,4,7,2023-02-13 11:19:14.594672
2,83,5,9,2023-02-14 11:19:14.594672
11,139,3,4,2023-02-15 11:19:14.594672
27,131,2,8,2023-02-16 11:19:14.594672
29,86,5,0,2023-02-17 11:19:14.594672
25,175,3,1,2023-02-18 11:19:14.594672
47,182,2,18,2023-02-19 11:19:14.594672
20,111,2,13,2023-02-20 11:19:14.594672
27,128,5,19,2023-02-21 11:19:14.594672
25,88,3,9,2023-02-22 11:19:14.594672
32,65,5,8,2023-02-23 11:19:14.594672
20,157,4,9,2023-02-24 11:19:14.594672
34,130,2,5,2023-02-25 11:19:14.594672
33,121,5,16,2023-02-26 11:19:14.594672
40,148,2,5,2023-02-27 11:19:14.594672
46,83,3,3,2023-02-28 11:19:14.594672
17,176,1,19,2023-03-01 11:19:14.594672
10,115,5,2,2023-03-02 11:19:14.594672
22,189,5,18,2023-03-03 11:19:14.594672
47,115,2,17,2023-03-04 11:19:14.594672
21,37,3,3,2023-03-05 11:19:14.594672
16,142,4,7,2023-03-06 11:19:14.594672
4,109,3,16,2023-03-07 11:19:14.594672
43,179,5,4,2023-03-08 11:19:14.594672
10,45,4,12,2023-03-09 11:19:14.594672
29,24,3,0,2023-03-10 11:19:14.594672
14,20,1,12,2023-03-11 11:19:14.594672
26,120,2,3,2023-03-12 11:19:14.594672
34,121,3,13,2023-03-13 11:19:14.594672
32,132,3,2,2023-03-14 11:19:14.594672
19,69,1,4,2023-03-15 11:19:14.594672
15,112,5,6,2023-03-16 11:19:14.594672
33,106,2,0,2023-03-17 11:19:14.594672
1,111,3,11,2023-03-18 11:19:14.594672
34,107,4,10,2023-03-19 11:19:14.594672
39,46,3,7,2023-03-20 11:19:14.594672
27,195,2,5,2023-03-21 11:19:14.594672
46,90,3,1,2023-03-22 11:19:14.594672
38,17,1,18,2023-03-23 11:19:14.594672
5,148,3,19,2023-03-24 11:19:14.594672
8,103,3,19,2023-03-25 11:19:14.594672
19,150,4,13,2023-03-26 11:19:14.594672
0,191,1,0,2023-03-27 11:19:14.594672
7,194,1,9,2023-03-28 11:19:14.594672
22,39,3,15,2023-03-29 11:19:14.594672
2,137,4,3,2023-03-30 11:19:14.594672
3,88,3,10,2023-03-31 11:19:14.594672
24,179,3,15,2023-04-01 11:19:14.594672
46,199,2,19,2023-04-02 11:19:14.594672
37,60,2,0,2023-04-03 11:19:14.594672
14,191,4,15,2023-04-04 11:19:14.594672
20,4,5,18,2023-04-05 11:19:14.594672
34,121,2,8,2023-04-06 11:19:14.594672
45,180,5,8,2023-04-07 11:19:14.594672
13,54,1,8,2023-04-08 11:19:14.594672
35,36,2,16,2023-04-09 11:19:14.594672
11,55,2,11,2023-04-10 11:19:14.594672
16,186,4,12,2023-04-11 11:19:14.594672
38,101,5,7,2023-04-12 11:19:14.594672
8,92,2,15,2023-04-13 11:19:14.594672
34,196,2,17,2023-04-14 11:19:14.594672
12,72,4,0,2023-04-15 11:19:14.594672
14,58,4,0,2023-04-16 11:19:14.594672
17,1,5,11,2023-04-17 11:19:14.594672
32,192,1,5,2023-04-18 11:19:14.594672
5,103,1,8,2023-04-19 11:19:14.594672
26,187,3,4,2023-04-20 11:19:14.594672
22,50,2,15,2023-04-21 11:19:14.594672
26,29,5,17,2023-04-22 11:19:14.594672
33,10,2,16,2023-04-23 11:19:14.594672
45,107,5,17,2023-04-24 11:19:14.594672
37,75,5,0,2023-04-25 11:19:14.594672
13,166,5,18,2023-04-26 11:19:14.594672
35,89,2,7,2023-04-27 11:19:14.594672
7,122,4,2,2023-04-28 11:19:14.594672
34,199,2,4,2023-04-29 11:19:14.594672
18,190,5,7,2023-04-30 11:19:14.594672
29,191,3,18,2023-05-01 11:19:14.594672
13,188,1,17,2023-05-02 11:19:14.594672
19,124,5,17,2023-05-03 11:19:14.594672
48,181,3,0,2023-05-04 11:19:14.594672
24,121,4,14,2023-05-05 11:19:14.594672
39,93,5,17,2023-05-06 11:19:14.594672
23,102,3,6,2023-05-07 11:19:14.594672
13,185,5,15,2023-05-08 11:19:14.594672
25,183,2,15,2023-05-09 11:19:14.594672
37,161,3,14,2023-05-10 11:19:14.594672
22,30,2,5,2023-05-11 11:19:14.594672
21,51,2,8,2023-05-12 11:19:14.594672
47,88,3,6,2023-05-13 11:19:14.594672
18,75,1,13,2023-05-14 11:19:14.594672
45,128,3,10,2023-05-15 11:19:14.594672
2,182,1,15,2023-05-16 11:19:14.594672
41,21,5,5,2023-05-17 11:19:14.594672
18,39,5,15,2023-05-18 11:19:14.594672
8,100,3,19,2023-05-19 11:19:14.594672
27,110,5,15,2023-05-20 11:19:14.594672
19,128,4,11,2023-05-21 11:19:14.594672
44,64,2,16,2023-05-22 11:19:14.594672
6,190,2,4,2023-05-23 11:19:14.594672
13,181,1,12,2023-05-24 11:19:14.594672
8,169,5,7,2023-05-25 11:19:14.594672
18,148,1,4,2023-05-26 11:19:14.594672
46,78,2,11,2023-05-27 11:19:14.594672
13,21,2,8,2023-05-28 11:19:14.594672
37,165,5,2,2023-05-29 11:19:14.594672
35,98,4,2,2023-05-30 11:19:14.594672
39,7,4,0,2023-05-31 11:19:14.594672
16,189,5,17,2023-06-01 11:19:14.594672
29,174,5,11,2023-06-02 11:19:14.594672
8,16,1,8,2023-06-03 11:19:14.594672
32,16,5,8,2023-06-04 11:19:14.594672
24,89,4,17,2023-06-05 11:19:14.594672
13,140,5,17,2023-06-06 11:19:14.594672
10,144,1,6,2023-06-07 11:19:14.594672
34,165,1,3,2023-06-08 11:19:14.594672
40,80,1,12,2023-06-09 11:19:14.594672
13,77,1,16,2023-06-10 11:19:14.594672
29,172,3,1,2023-06-11 11:19:14.594672
40,5,5,13,2023-06-12 11:19:14.594672
3,162,2,2,2023-06-13 11:19:14.594672
3,109,5,4,2023-06-14 11:19:14.594672
27,13,3,13,2023-06-15 11:19:14.594672
7,71,1,2,2023-06-16 11:19:14.594672
1,188,3,6,2023-06-17 11:19:14.594672
40,142,4,17,2023-06-18 11:19:14.594672
45,53,4,12,2023-06-19 11:19:14.594672
21,26,5,9,2023-06-20 11:19:14.594672
40,12,5,12,2023-06-21 11:19:14.594672
15,158,2,15,2023-06-22 11:19:14.594672
28,162,2,8,2023-06-23 11:19:14.594672
48,59,4,1,2023-06-24 11:19:14.594672
47,5,1,4,2023-06-25 11:19:14.594672
29,196,3,16,2023-06-26 11:19:14.594672
11,57,2,3,2023-06-27 11:19:14.594672
34,48,2,16,2023-06-28 11:19:14.594672
10,150,1,8,2023-06-29 11:19:14.594672
45,161,1,19,2023-06-30 11:19:14.594672
49,25,5,1,2023-07-01 11:19:14.594672
20,46,3,17,2023-07-02 11:19:14.594672
20,4,1,10,2023-07-03 11:19:14.594672
4,19,2,12,2023-07-04 11:19:14.594672
47,133,2,7,2023-07-05 11:19:14.594672
19,197,4,0,2023-07-06 11:19:14.594672
36,58,1,16,2023-07-07 11:19:14.594672
2,191,5,11,2023-07-08 11:19:14.594672
43,145,3,3,2023-07-09 11:19:14.594672
32,131,5,12,2023-07-10 11:19:14.594672
8,16,2,8,2023-07-11 11:19:14.594672
8,13,5,6,2023-07-12 11:19:14.594672
3,12,2,4,2023-07-13 11:19:14.594672
34,134,2,4,2023-07-14 11:19:14.594672
16,127,2,16,2023-07-15 11:19:14.594672
33,43,2,8,2023-07-16 11:19:14.594672
23,118,2,5,2023-07-17 11:19:14.594672
31,142,4,18,2023-07-18 11:19:14.594672
0,18,5,15,2023-07-19 11:19:14.594672
7,62,4,1,2023-07-20 11:19:14.594672
44,162,4,9,2023-07-21 11:19:14.594672
22,80,1,15,2023-07-22 11:19:14.594672
46,162,1,4,2023-07-23 11:19:14.594672
39,146,1,14,2023-07-24 11:19:14.594672
11,147,3,12,2023-07-25 11:19:14.594672
11,99,1,12,2023-07-26 11:19:14.594672
45,162,5,12,2023-07-27 11:19:14.594672
46,159,4,14,2023-07-28 11:19:14.594672
14,121,5,13,2023-07-29 11:19:14.594672
40,175,1,7,2023-07-30 11:19:14.594672
18,43,3,10,2023-07-31 11:19:14.594672
25,103,3,17,2023-08-01 11:19:14.594672
28,151,4,3,2023-08-02 11:19:14.594672
21,60,5,9,2023-08-03 11:19:14.594672
39,124,2,0,2023-08-04 11:19:14.594672
20,144,5,4,2023-08-05 11:19:14.594672
37,70,1,12,2023-08-06 11:19:14.594672
19,106,2,0,2023-08-07 11:19:14.594672
28,49,3,7,2023-08-08 11:19:14.594672
3,64,4,2,2023-08-09 11:19:14.594672
6,98,4,2,2023-08-10 11:19:14.594672
27,31,3,6,2023-08-11 11:19:14.594672
27,163,1,3,2023-08-12 11:19:14.594672
3,140,3,2,2023-08-13 11:19:14.594672
21,197,1,14,2023-08-14 11:19:14.594672
11,57,2,7,2023-08-15 11:19:14.594672
44,127,3,2,2023-08-16 11:19:14.594672
2,141,1,6,2023-08-17 11:19:14.594672
21,164,2,17,2023-08-18 11:19:14.594672
43,111,3,10,2023-08-19 11:19:14.594672
1,67,4,10,2023-08-20 11:19:14.594672
23,39,3,16,2023-08-21 11:19:14.594672
33,186,5,5,2023-08-22 11:19:14.594672
26,143,3,7,2023-08-23 11:19:14.594672
40,189,5,0,2023-08-24 11:19:14.594672
0,131,2,9,2023-08-25 11:19:14.594672
7,172,3,18,2023-08-26 11:19:14.594672
22,89,2,2,2023-08-27 11:19:14.594672
37,27,2,3,2023-08-28 11:19:14.594672
5,95,1,10,2023-08-29 11:19:14.594672
21,193,2,14,2023-08-30 11:19:14.594672
24,30,2,0,2023-08-31 11:19:14.594672
17,2,3,8,2023-09-01 11:19:14.594672
16,135,3,10,2023-09-02 11:19:14.594672
11,23,4,18,2023-09-03 11:19:14.594672
5,14,1,12,2023-09-04 11:19:14.594672
25,170,2,15,2023-09-05 11:19:14.594672
26,158,1,3,2023-09-06 11:19:14.594672
7,44,5,0,2023-09-07 11:19:14.594672
18,193,2,19,2023-09-08 11:19:14.594672
41,7,1,12,2023-09-09 11:19:14.594672
0,70,4,0,2023-09-10 11:19:14.594672
28,107,4,4,2023-09-11 11:19:14.594672
44,114,2,4,2023-09-12 11:19:14.594672
48,102,5,13,2023-09-13 11:19:14.594672
34,124,4,13,2023-09-14 11:19:14.594672
39,56,4,7,2023-09-15 11:19:14.594672
13,29,5,3,2023-09-16 11:19:14.594672
34,145,1,6,2023-09-17 11:19:14.594672
47,113,4,19,2023-09-18 11:19:14.594672
44,196,3,18,2023-09-19 11:19:14.594672
19,116,4,14,2023-09-20 11:19:14.594672
48,166,1,3,2023-09-21 11:19:14.594672
12,59,1,18,2023-09-22 11:19:14.594672
37,97,2,8,2023-09-23 11:19:14.594672
48,170,3,12,2023-09-24 11:19:14.594672
45,125,1,13,2023-09-25 11:19:14.594672
48,172,5,13,2023-09-26 11:19:14.594672
7,150,3,9,2023-09-27 11:19:14.594672
42,196,3,15,2023-09-28 11:19:14.594672
19,93,5,4,2023-09-29 11:19:14.594672
32,133,4,5,2023-09-30 11:19:14.594672
25,183,5,1,2023-10-01 11:19:14.594672
38,121,5,12,2023-10-02 11:19:14.594672
20,107,4,12,2023-10-03 11:19:14.594672
48,3,4,18,2023-10-04 11:19:14.594672
41,92,4,17,2023-10-05 11:19:14.594672
42,150,4,18,2023-10-06 11:19:14.594672
40,5,4,0,2023-10-07 11:19:14.594672
8,31,5,7,2023-10-08 11:19:14.594672
23,105,2,15,2023-10-09 11:19:14.594672
36,145,2,1,2023-10-10 11:19:14.594672
48,14,1,7,2023-10-11 11:19:14.594672
40,167,2,5,2023-10-12 11:19:14.594672
16,121,2,15,2023-10-13 11:19:14.594672
23,95,5,10,2023-10-14 11:19:14.594672
20,5,4,16,2023-10-15 11:19:14.594672
38,111,4,18,2023-10-16 11:19:14.594672
40,119,5,10,2023-10-17 11:19:14.594672
38,122,2,7,2023-10-18 11:19:14.594672
12,190,5,3,2023-10-19 11:19:14.594672
10,66,1,10,2023-10-20 11:19:14.594672
45,105,4,7,2023-10-21 11:19:14.594672
18,138,3,8,2023-10-22 11:19:14.594672
10,42,1,1,2023-10-23 11:19:14.594672
12,144,1,15,2023-10-24 11:19:14.594672
45,95,5,5,2023-10-25 11:19:14.594672
44,131,2,18,2023-10-26 11:19:14.594672
0,190,4,7,2023-10-27 11:19:14.594672
39,195,3,13,2023-10-28 11:19:14.594672
43,80,1,15,2023-10-29 11:19:14.594672
18,40,3,11,2023-10-30 11:19:14.594672
11,132,2,4,2023-10-31 11:19:14.594672
7,159,2,18,2023-11-01 11:19:14.594672
7,197,3,17,2023-11-02 11:19:14.594672
44,34,4,8,2023-11-03 11:19:14.594672
11,21,2,1,2023-11-04 11:19:14.594672
47,192,3,19,2023-11-05 11:19:14.594672
32,149,1,11,2023-11-06 11:19:14.594672
44,111,3,1,2023-11-07 11:19:14.594672
25,10,3,9,2023-11-08 11:19:14.594672
38,2,5,0,2023-11-09 11:19:14.594672
27,136,2,3,2023-11-10 11:19:14.594672
4,59,4,11,2023-11-11 11:19:14.594672
7,75,4,8,2023-11-12 11:19:14.594672
24,86,5,3,2023-11-13 11:19:14.594672
26,13,4,8,2023-11-14 11:19:14.594672
45,17,3,5,2023-11-15 11:19:14.594672
22,112,5,0,2023-11-16 11:19:14.594672
29,72,1,9,2023-11-17 11:19:14.594672
44,22,2,13,2023-11-18 11:19:14.594672
46,82,2,17,2023-11-19 11:19:14.594672
22,124,2,5,2023-11-20 11:19:14.594672
48,174,3,17,2023-11-21 11:19:14.594672
46,68,1,19,2023-11-22 11:19:14.594672
19,46,5,15,2023-11-23 11:19:14.594672
17,115,5,14,2023-11-24 11:19:14.594672
17,29,2,15,2023-11-25 11:19:14.594672
1,24,1,7,2023-11-26 11:19:14.594672
3,155,1,12,2023-11-27 11:19:14.594672
29,111,1,10,2023-11-28 11:19:14.594672
32,24,4,6,2023-11-29 11:19:14.594672
35,73,4,16,2023-11-30 11:19:14.594672
17,57,2,17,2023-12-01 11:19:14.594672
36,93,1,18,2023-12-02 11:19:14.594672
18,118,1,12,2023-12-03 11:19:14.594672
46,126,5,14,2023-12-04 11:19:14.594672
27,168,5,0,2023-12-05 11:19:14.594672
39,24,2,15,2023-12-06 11:19:14.594672
19,77,1,4,2023-12-07 11:19:14.594672
48,98,2,2,2023-12-08 11:19:14.594672
32,115,5,9,2023-12-09 11:19:14.594672
11,47,5,18,2023-12-10 11:19:14.594672
14,9,4,4,2023-12-11 11:19:14.594672
40,98,2,6,2023-12-12 11:19:14.594672
38,10,2,13,2023-12-13 11:19:14.594672
1,84,1,2,2023-12-14 11:19:14.594672
28,148,1,12,2023-12-15 11:19:14.594672
40,172,4,12,2023-12-16 11:19:14.594672
9,134,3,9,2023-12-17 11:19:14.594672
1,191,3,1,2023-12-18 11:19:14.594672
10,125,3,5,2023-12-19 11:19:14.594672
12,63,2,7,2023-12-20 11:19:14.594672
9,1,2,3,2023-12-21 11:19:14.594672
13,75,5,11,2023-12-22 11:19:14.594672
17,120,2,14,2023-12-23 11:19:14.594672
8,41,2,7,2023-12-24 11:19:14.594672
38,53,2,6,2023-12-25 11:19:14.594672
27,74,4,13,2023-12-26 11:19:14.594672
2,15,2,18,2023-12-27 11:19:14.594672
19,17,1,13,2023-12-28 11:19:14.594672
5,186,1,12,2023-12-29 11:19:14.594672
26,89,5,0,2023-12-30 11:19:14.594672
1,143,4,18,2023-12-31 11:19:14.594672
28,5,1,0,2024-01-01 11:19:14.594672
37,184,4,3,2024-01-02 11:19:14.594672
2,107,4,9,2024-01-03 11:19:14.594672
15,174,5,2,2024-01-04 11:19:14.594672
29,47,4,19,2024-01-05 11:19:14.594672
39,41,2,8,2024-01-06 11:19:14.594672
1,75,4,2,2024-01-07 11:19:14.594672
16,187,5,5,2024-01-08 11:19:14.594672
40,76,5,5,2024-01-09 11:19:14.594672
11,131,5,11,2024-01-10 11:19:14.594672
34,129,1,0,2024-01-11 11:19:14.594672
42,58,2,15,2024-01-12 11:19:14.594672
0,154,1,4,2024-01-13 11:19:14.594672
44,26,3,8,2024-01-14 11:19:14.594672
14,78,2,9,2024-01-15 11:19:14.594672
25,71,4,12,2024-01-16 11:19:14.594672
36,6,5,14,2024-01-17 11:19:14.594672
20,190,3,11,2024-01-18 11:19:14.594672
48,110,2,4,2024-01-19 11:19:14.594672
30,118,1,4,2024-01-20 11:19:14.594672
24,173,5,17,2024-01-21 11:19:14.594672
22,62,1,11,2024-01-22 11:19:14.594672
23,123,2,2,2024-01-23 11:19:14.594672
37,11,2,6,2024-01-24 11:19:14.594672
27,140,3,16,2024-01-25 11:19:14.594672
20,42,4,18,2024-01-26 11:19:14.594672
42,16,1,17,2024-01-27 11:19:14.594672
17,62,3,0,2024-01-28 11:19:14.594672
35,119,5,4,2024-01-29 11:19:14.594672
34,35,4,1,2024-01-30 11:19:14.594672
44,7,3,0,2024-01-31 11:19:14.594672
8,68,1,6,2024-02-01 11:19:14.594672
37,89,2,10,2024-02-02 11:19:14.594672
29,35,5,10,2024-02-03 11:19:14.594672
43,27,1,17,2024-02-04 11:19:14.594672
33,117,4,16,2024-02-05 11:19:14.594672
31,92,4,1,2024-02-06 11:19:14.594672
2,174,2,6,2024-02-07 11:19:14.594672
2,75,2,6,2024-02-08 11:19:14.594672
27,100,5,9,2024-02-09 11:19:14.594672
43,157,5,2,2024-02-10 11:19:14.594672
14,150,2,11,2024-02-11 11:19:14.594672
40,143,2,2,2024-02-12 11:19:14.594672
22,13,4,10,2024-02-13 11:19:14.594672
39,70,2,11,2024-02-14 11:19:14.594672
10,179,3,3,2024-02-15 11:19:14.594672
47,123,1,15,2024-02-16 11:19:14.594672
31,124,2,19,2024-02-17 11:19:14.594672
35,36,5,17,2024-02-18 11:19:14.594672
32,28,3,3,2024-02-19 11:19:14.594672
23,194,5,5,2024-02-20 11:19:14.594672
38,142,3,14,2024-02-21 11:19:14.594672
33,174,2,0,2024-02-22 11:19:14.594672
27,173,1,2,2024-02-23 11:19:14.594672
36,179,5,4,2024-02-24 11:19:14.594672
6,18,3,16,2024-02-25 11:19:14.594672
3,105,4,13,2024-02-26 11:19:14.594672
36,20,2,8,2024-02-27 11:19:14.594672
0,63,1,2,2024-02-28 11:19:14.594672
0,164,2,12,2024-02-29 11:19:14.594672
46,26,4,2,2024-03-01 11:19:14.594672
19,54,1,10,2024-03-02 11:19:14.594672
18,28,4,1,2024-03-03 11:19:14.594672
28,147,2,14,2024-03-04 11:19:14.594672
9,24,3,12,2024-03-05 11:19:14.594672
17,69,2,18,2024-03-06 11:19:14.594672
27,62,2,15,2024-03-07 11:19:14.594672
34,163,2,17,2024-03-08 11:19:14.594672
42,129,5,6,2024-03-09 11:19:14.594672
46,149,4,12,2024-03-10 11:19:14.594672
30,15,4,3,2024-03-11 11:19:14.594672
26,145,4,8,2024-03-12 11:19:14.594672
10,196,5,9,2024-03-13 11:19:14.594672
48,181,3,8,2024-03-14 11:19:14.594672
48,99,2,6,2024-03-15 11:19:14.594672
37,29,3,14,2024-03-16 11:19:14.594672
4,44,5,7,2024-03-17 11:19:14.594672
7,18,4,18,2024-03-18 11:19:14.594672
33,33,2,10,2024-03-19 11:19:14.594672
47,140,1,4,2024-03-20 11:19:14.594672
11,170,1,1,2024-03-21 11:19:14.594672
37,61,3,9,2024-03-22 11:19:14.594672
0,117,4,15,2024-03-23 11:19:14.594672
30,99,1,12,2024-03-24 11:19:14.594672
3,21,3,7,2024-03-25 11:19:14.594672
48,179,5,8,2024-03-26 11:19:14.594672
44,179,3,10,2024-03-27 11:19:14.594672
49,110,3,10,2024-03-28 11:19:14.594672
4,163,3,15,2024-03-29 11:19:14.594672
29,72,2,9,2024-03-30 11:19:14.594672
23,146,3,11,2024-03-31 11:19:14.594672
2,37,3,5,2024-04-01 11:19:14.594672
10,69,2,11,2024-04-02 11:19:14.594672
44,115,2,9,2024-04-03 11:19:14.594672
3,78,5,17,2024-04-04 11:19:14.594672
25,184,4,17,2024-04-05 11:19:14.594672
26,147,1,3,2024-04-06 11:19:14.594672
45,8,1,8,2024-04-07 11:19:14.594672
42,31,3,6,2024-04-08 11:19:14.594672
26,131,5,17,2024-04-09 11:19:14.594672
41,49,3,7,2024-04-10 11:19:14.594672
49,81,1,10,2024-04-11 11:19:14.594672
5,4,2,6,2024-04-12 11:19:14.594672
14,147,4,8,2024-04-13 11:19:14.594672
29,86,5,7,2024-04-14 11:19:14.594672
41,125,2,2,2024-04-15 11:19:14.594672
36,74,4,16,2024-04-16 11:19:14.594672
36,164,5,1,2024-04-17 11:19:14.594672
41,21,5,14,2024-04-18 11:19:14.594672
36,185,1,13,2024-04-19 11:19:14.594672
34,67,2,17,2024-04-20 11:19:14.594672
22,43,5,15,2024-04-21 11:19:14.594672
5,33,5,19,2024-04-22 11:19:14.594672
3,76,4,3,2024-04-23 11:19:14.594672
17,41,1,19,2024-04-24 11:19:14.594672
8,136,3,5,2024-04-25 11:19:14.594672
48,105,1,5,2024-04-26 11:19:14.594672
28,94,3,10,2024-04-27 11:19:14.594672
12,134,2,16,2024-04-28 11:19:14.594672
46,67,2,2,2024-04-29 11:19:14.594672
16,146,5,12,2024-04-30 11:19:14.594672
44,158,2,2,2024-05-01 11:19:14.594672
31,127,5,15,2024-05-02 11:19:14.594672
47,162,1,14,2024-05-03 11:19:14.594672
21,184,2,10,2024-05-04 11:19:14.594672
3,84,1,17,2024-05-05 11:19:14.594672
4,188,1,14,2024-05-06 11:19:14.594672
36,158,2,4,2024-05-07 11:19:14.594672
40,82,1,15,2024-05-08 11:19:14.594672
48,94,2,15,2024-05-09 11:19:14.594672
12,180,2,16,2024-05-10 11:19:14.594672
33,31,2,8,2024-05-11 11:19:14.594672
44,65,3,2,2024-05-12 11:19:14.594672
21,186,1,19,2024-05-13 11:19:14.594672
22,115,4,12,2024-05-14 11:19:14.594672
2,137,2,2,2024-05-15 11:19:14.594672
41,129,1,6,2024-05-16 11:19:14.594672
33,193,5,5,2024-05-17 11:19:14.594672
31,59,2,8,2024-05-18 11:19:14.594672
44,16,2,11,2024-05-19 11:19:14.594672
48,95,4,14,2024-05-20 11:19:14.594672
20,143,3,19,2024-05-21 11:19:14.594672
45,15,3,2,2024-05-22 11:19:14.594672
43,45,2,9,2024-05-23 11:19:14.594672
20,166,1,0,2024-05-24 11:19:14.594672
43,158,5,18,2024-05-25 11:19:14.594672
10,106,5,18,2024-05-26 11:19:14.594672
38,87,1,12,2024-05-27 11:19:14.594672
3,128,2,11,2024-05-28 11:19:14.594672
0,138,5,0,2024-05-29 11:19:14.594672
27,118,3,18,2024-05-30 11:19:14.594672
23,84,1,15,2024-05-31 11:19:14.594672
34,3,4,14,2024-06-01 11:19:14.594672
12,70,2,15,2024-06-02 11:19:14.594672
46,153,1,10,2024-06-03 11:19:14.594672
33,110,5,5,2024-06-04 11:19:14.594672
10,49,2,10,2024-06-05 11:19:14.594672
35,139,3,2,2024-06-06 11:19:14.594672
16,94,2,14,2024-06-07 11:19:14.594672
34,91,2,0,2024-06-08 11:19:14.594672
17,64,3,6,2024-06-09 11:19:14.594672
39,46,3,0,2024-06-10 11:19:14.594672
21,180,2,16,2024-06-11 11:19:14.594672
23,105,3,8,2024-06-12 11:19:14.594672
18,198,1,12,2024-06-13 11:19:14.594672
36,129,3,10,2024-06-14 11:19:14.594672
38,105,3,19,2024-06-15 11:19:14.594672
20,23,2,5,2024-06-16 11:19:14.594672
7,3,1,0,2024-06-17 11:19:14.594672
27,107,4,6,2024-06-18 11:19:14.594672
4,18,4,11,2024-06-19 11:19:14.594672
16,153,5,19,2024-06-20 11:19:14.594672
36,39,3,18,2024-06-21 11:19:14.594672
35,49,3,16,2024-06-22 11:19:14.594672
18,170,1,3,2024-06-23 11:19:14.594672
26,74,4,2,2024-06-24 11:19:14.594672
33,194,5,0,2024-06-25 11:19:14.594672
10,11,1,17,2024-06-26 11:19:14.594672
44,194,3,14,2024-06-27 11:19:14.594672
46,26,4,7,2024-06-28 11:19:14.594672
11,112,5,0,2024-06-29 11:19:14.594672
20,181,2,19,2024-06-30 11:19:14.594672
10,193,4,13,2024-07-01 11:19:14.594672
38,48,5,3,2024-07-02 11:19:14.594672
27,143,1,4,2024-07-03 11:19:14.594672
4,129,2,12,2024-07-04 11:19:14.594672
16,59,5,14,2024-07-05 11:19:14.594672
19,181,5,5,2024-07-06 11:19:14.594672
40,29,3,0,2024-07-07 11:19:14.594672
45,83,4,18,2024-07-08 11:19:14.594672
11,165,3,12,2024-07-09 11:19:14.594672
5,27,2,5,2024-07-10 11:19:14.594672
16,24,5,14,2024-07-11 11:19:14.594672
18,95,3,15,2024-07-12 11:19:14.594672
25,124,4,15,2024-07-13 11:19:14.594672
47,9,2,9,2024-07-14 11:19:14.594672
43,187,1,8,2024-07-15 11:19:14.594672
43,41,3,8,2024-07-16 11:19:14.594672
31,39,2,16,2024-07-17 11:19:14.594672
5,76,1,16,2024-07-18 11:19:14.594672
35,104,3,16,2024-07-19 11:19:14.594672
37,117,2,11,2024-07-20 11:19:14.594672
10,41,2,12,2024-07-21 11:19:14.594672
32,46,3,11,2024-07-22 11:19:14.594672
23,164,2,13,2024-07-23 11:19:14.594672
22,21,5,9,2024-07-24 11:19:14.594672
14,184,3,18,2024-07-25 11:19:14.594672
26,106,2,1,2024-07-26 11:19:14.594672
10,26,1,3,2024-07-27 11:19:14.594672
49,40,1,18,2024-07-28 11:19:14.594672
16,79,5,6,2024-07-29 11:19:14.594672
13,161,3,14,2024-07-30 11:19:14.594672
26,159,2,14,2024-07-31 11:19:14.594672
17,88,2,5,2024-08-01 11:19:14.594672
27,65,1,2,2024-08-02 11:19:14.594672
46,11,5,5,2024-08-03 11:19:14.594672
46,167,1,15,2024-08-04 11:19:14.594672
3,72,1,1,2024-08-05 11:19:14.594672
6,75,5,6,2024-08-06 11:19:14.594672
44,89,3,10,2024-08-07 11:19:14.594672
34,9,2,6,2024-08-08 11:19:14.594672
47,95,3,3,2024-08-09 11:19:14.594672
8,175,4,19,2024-08-10 11:19:14.594672
7,19,4,6,2024-08-11 11:19:14.594672
44,38,4,3,2024-08-12 11:19:14.594672
16,59,5,11,2024-08-13 11:19:14.594672
16,65,1,4,2024-08-14 11:19:14.594672
48,64,3,18,2024-08-15 11:19:14.594672
32,178,2,4,2024-08-16 11:19:14.594672
31,123,4,18,2024-08-17 11:19:14.594672
7,163,3,2,2024-08-18 11:19:14.594672
18,151,4,10,2024-08-19 11:19:14.594672
37,154,4,6,2024-08-20 11:19:14.594672
2,129,2,16,2024-08-21 11:19:14.594672
4,158,5,8,2024-08-22 11:19:14.594672
12,56,1,8,2024-08-23 11:19:14.594672
46,77,5,9,2024-08-24 11:19:14.594672
45,193,3,12,2024-08-25 11:19:14.594672
30,28,5,14,2024-08-26 11:19:14.594672
15,14,3,4,2024-08-27 11:19:14.594672
49,11,3,2,2024-08-28 11:19:14.594672
31,100,1,7,2024-08-29 11:19:14.594672
21,155,2,19,2024-08-30 11:19:14.594672
28,83,1,9,2024-08-31 11:19:14.594672
21,124,5,12,2024-09-01 11:19:14.594672
42,102,3,2,2024-09-02 11:19:14.594672
2,23,4,7,2024-09-03 11:19:14.594672
9,148,4,8,2024-09-04 11:19:14.594672
41,137,3,11,2024-09-05 11:19:14.594672
20,109,1,10,2024-09-06 11:19:14.594672
15,77,2,1,2024-09-07 11:19:14.594672
11,100,1,17,2024-09-08 11:19:14.594672
1,145,3,8,2024-09-09 11:19:14.594672
40,141,3,1,2024-09-10 11:19:14.594672
23,161,2,1,2024-09-11 11:19:14.594672
34,127,5,2,2024-09-12 11:19:14.594672
29,57,5,15,2024-09-13 11:19:14.594672
29,75,2,18,2024-09-14 11:19:14.594672
46,149,5,3,2024-09-15 11:19:14.594672
34,197,4,17,2024-09-16 11:19:14.594672
18,35,5,19,2024-09-17 11:19:14.594672
49,172,5,17,2024-09-18 11:19:14.594672
7,163,5,9,2024-09-19 11:19:14.594672
25,21,4,10,2024-09-20 11:19:14.594672
48,126,5,16,2024-09-21 11:19:14.594672
39,79,4,19,2024-09-22 11:19:14.594672
6,188,2,15,2024-09-23 11:19:14.594672
29,99,1,19,2024-09-24 11:19:14.594672
6,183,2,12,2024-09-25 11:19:14.594672
2,95,1,1,2024-09-26 11:19:14.594672
0,160,2,1,2024-09-27 11:19:14.594672
35,172,1,13,2024-09-28 11:19:14.594672
24,163,1,3,2024-09-29 11:19:14.594672
36,147,3,16,2024-09-30 11:19:14.594672
0,17,1,12,2024-10-01 11:19:14.594672
14,37,1,3,2024-10-02 11:19:14.594672
36,194,3,2,2024-10-03 11:19:14.594672
12,150,5,11,2024-10-04 11:19:14.594672
39,108,5,7,2024-10-05 11:19:14.594672
7,122,3,1,2024-10-06 11:19:14.594672
4,143,4,5,2024-10-07 11:19:14.594672
8,186,1,9,2024-10-08 11:19:14.594672
0,196,1,11,2024-10-09 11:19:14.594672
35,195,3,9,2024-10-10 11:19:14.594672
34,148,3,9,2024-10-11 11:19:14.594672
1,103,4,2,2024-10-12 11:19:14.594672
39,197,5,19,2024-10-13 11:19:14.594672
22,139,2,9,2024-10-14 11:19:14.594672
8,143,5,8,2024-10-15 11:19:14.594672
33,80,1,19,2024-10-16 11:19:14.594672
45,86,3,18,2024-10-17 11:19:14.594672
13,141,4,13,2024-10-18 11:19:14.594672
3,60,5,1,2024-10-19 11:19:14.594672
29,198,4,4,2024-10-20 11:19:14.594672
30,45,5,19,2024-10-21 11:19:14.594672
37,31,1,7,2024-10-22 11:19:14.594672
10,14,2,6,2024-10-23 11:19:14.594672
34,43,4,5,2024-10-24 11:19:14.594672
7,144,4,10,2024-10-25 11:19:14.594672
2,168,2,11,2024-10-26 11:19:14.594672
13,53,4,17,2024-10-27 11:19:14.594672
12,43,4,18,2024-10-28 11:19:14.594672
44,97,5,9,2024-10-29 11:19:14.594672
31,4,5,13,2024-10-30 11:19:14.594672
33,108,2,2,2024-10-31 11:19:14.594672
44,26,1,17,2024-11-01 11:19:14.594672
18,115,4,14,2024-11-02 11:19:14.594672
37,86,1,5,2024-11-03 11:19:14.594672
15,103,2,9,2024-11-04 11:19:14.594672
1,122,2,11,2024-11-05 11:19:14.594672
39,78,5,6,2024-11-06 11:19:14.594672
16,42,4,16,2024-11-07 11:19:14.594672
33,96,3,0,2024-11-08 11:19:14.594672
41,30,2,17,2024-11-09 11:19:14.594672
15,98,4,14,2024-11-10 11:19:14.594672
37,16,1,18,2024-11-11 11:19:14.594672
1,82,5,0,2024-11-12 11:19:14.594672
1,109,1,4,2024-11-13 11:19:14.594672
25,181,2,14,2024-11-14 11:19:14.594672
12,189,2,2,2024-11-15 11:19:14.594672
46,31,1,0,2024-11-16 11:19:14.594672
30,167,2,7,2024-11-17 11:19:14.594672
33,140,4,11,2024-11-18 11:19:14.594672
38,34,2,18,2024-11-19 11:19:14.594672
2,132,5,11,2024-11-20 11:19:14.594672
7,28,4,12,2024-11-21 11:19:14.594672
22,69,3,0,2024-11-22 11:19:14.594672
13,152,2,18,2024-11-23 11:19:14.594672
26,94,2,5,2024-11-24 11:19:14.594672
28,21,5,7,2024-11-25 11:19:14.594672
38,193,5,3,2024-11-26 11:19:14.594672
38,172,1,4,2024-11-27 11:19:14.594672
0,68,1,6,2024-11-28 11:19:14.594672
16,88,1,3,2024-11-29 11:19:14.594672
40,71,5,19,2024-11-30 11:19:14.594672
29,128,1,3,2024-12-01 11:19:14.594672
12,171,1,14,2024-12-02 11:19:14.594672
20,86,3,4,2024-12-03 11:19:14.594672
18,95,1,8,2024-12-04 11:19:14.594672
18,74,2,1,2024-12-05 11:19:14.594672
24,166,5,6,2024-12-06 11:19:14.594672
21,53,4,16,2024-12-07 11:19:14.594672
30,87,3,15,2024-12-08 11:19:14.594672
16,156,5,16,2024-12-09 11:19:14.594672
22,53,5,19,2024-12-10 11:19:14.594672
31,15,2,1,2024-12-11 11:19:14.594672
9,98,1,10,2024-12-12 11:19:14.594672
9,19,2,1,2024-12-13 11:19:14.594672
35,45,1,0,2024-12-14 11:19:14.594672
7,194,1,1,2024-12-15 11:19:14.594672
19,192,5,8,2024-12-16 11:19:14.594672
31,126,1,1,2024-12-17 11:19:14.594672
49,57,3,14,2024-12-18 11:19:14.594672
13,180,3,9,2024-12-19 11:19:14.594672
49,110,3,14,2024-12-20 11:19:14.594672
27,128,5,9,2024-12-21 11:19:14.594672
45,80,2,16,2024-12-22 11:19:14.594672
23,193,4,8,2024-12-23 11:19:14.594672
14,156,1,17,2024-12-24 11:19:14.594672
21,83,4,3,2024-12-25 11:19:14.594672
29,69,2,8,2024-12-26 11:19:14.594672
3,7,2,15,2024-12-27 11:19:14.594672
12,28,5,3,2024-12-28 11:19:14.594672
22,111,3,15,2024-12-29 11:19:14.594672
7,178,3,18,2024-12-30 11:19:14.594672
17,160,2,0,2024-12-31 11:19:14.594672
11,130,5,5,2025-01-01 11:19:14.594672
30,187,5,9,2025-01-02 11:19:14.594672
13,162,1,15,2025-01-03 11:19:14.594672
33,196,3,3,2025-01-04 11:19:14.594672
17,107,2,12,2025-01-05 11:19:14.594672
33,108,4,15,2025-01-06 11:19:14.594672
10,19,3,19,2025-01-07 11:19:14.594672
40,72,1,5,2025-01-08 11:19:14.594672
11,166,5,10,2025-01-09 11:19:14.594672
48,3,2,2,2025-01-10 11:19:14.594672
14,18,3,19,2025-01-11 11:19:14.594672
30,101,4,9,2025-01-12 11:19:14.594672
48,172,1,0,2025-01-13 11:19:14.594672
28,170,1,19,2025-01-14 11:19:14.594672
25,140,3,10,2025-01-15 11:19:14.594672
17,140,4,11,2025-01-16 11:19:14.594672
31,187,1,13,2025-01-17 11:19:14.594672
21,184,2,7,2025-01-18 11:19:14.594672
37,85,1,10,2025-01-19 11:19:14.594672
16,51,4,3,2025-01-20 11:19:14.594672
22,110,5,6,2025-01-21 11:19:14.594672
23,180,5,9,2025-01-22 11:19:14.594672
49,108,3,18,2025-01-23 11:19:14.594672
7,85,4,3,2025-01-24 11:19:14.594672
40,42,1,1,2025-01-25 11:19:14.594672
5,199,1,17,2025-01-26 11:19:14.594672
4,199,5,13,2025-01-27 11:19:14.594672
43,41,5,15,2025-01-28 11:19:14.594672
28,89,2,10,2025-01-29 11:19:14.594672
27,114,5,9,2025-01-30 11:19:14.594672
10,25,2,16,2025-01-31 11:19:14.594672
0,150,1,13,2025-02-01 11:19:14.594672
42,42,2,3,2025-02-02 11:19:14.594672
18,76,2,18,2025-02-03 11:19:14.594672
8,155,3,1,2025-02-04 11:19:14.594672
26,136,5,6,2025-02-05 11:19:14.594672
33,19,2,8,2025-02-06 11:19:14.594672
43,183,1,18,2025-02-07 11:19:14.594672
3,38,4,15,2025-02-08 11:19:14.594672
35,178,2,15,2025-02-09 11:19:14.594672
17,11,5,17,2025-02-10 11:19:14.594672
14,182,3,10,2025-02-11 11:19:14.594672
12,10,1,6,2025-02-12 11:19:14.594672
18,153,3,8,2025-02-13 11:19:14.594672
48,41,4,3,2025-02-14 11:19:14.594672
5,154,2,12,2025-02-15 11:19:14.594672
47,10,2,3,2025-02-16 11:19:14.594672
11,37,5,18,2025-02-17 11:19:14.594672
36,97,2,1,2025-02-18 11:19:14.594672
16,170,1,8,2025-02-19 11:19:14.594672
22,18,4,11,2025-02-20 11:19:14.594672
25,191,3,1,2025-02-21 11:19:14.594672
28,133,4,5,2025-02-22 11:19:14.594672
32,173,2,4,2025-02-23 11:19:14.594672
26,115,3,4,2025-02-24 11:19:14.594672
24,112,5,19,2025-02-25 11:19:14.594672
9,169,4,4,2025-02-26 11:19:14.594672
46,64,3,3,2025-02-27 11:19:14.594672
22,98,3,8,2025-02-28 11:19:14.594672
20,71,3,9,2025-03-01 11:19:14.594672
20,186,1,15,2025-03-02 11:19:14.594672
42,51,4,9,2025-03-03 11:19:14.594672
12,117,3,9,2025-03-04 11:19:14.594672
36,174,4,18,2025-03-05 11:19:14.594672
32,119,3,9,2025-03-06 11:19:14.594672
23,6,5,5,2025-03-07 11:19:14.594672
43,10,5,16,2025-03-08 11:19:14.594672
10,102,5,4,2025-03-09 11:19:14.594672
16,60,2,5,2025-03-10 11:19:14.594672
3,67,3,14,2025-03-11 11:19:14.594672
46,152,2,18,2025-03-12 11:19:14.594672
24,139,4,17,2025-03-13 11:19:14.594672
29,153,2,3,2025-03-14 11:19:14.594672
8,101,4,7,2025-03-15 11:19:14.594672
20,109,4,15,2025-03-16 11:19:14.594672
19,139,4,18,2025-03-17 11:19:14.594672
18,170,2,19,2025-03-18 11:19:14.594672
18,50,3,2,2025-03-19 11:19:14.594672
11,116,2,9,2025-03-20 11:19:14.594672
36,164,3,1,2025-03-21 11:19:14.594672
41,45,3,3,2025-03-22 11:19:14.594672
16,52,4,5,2025-03-23 11:19:14.594672
36,87,2,10,2025-03-24 11:19:14.594672
47,120,3,13,2025-03-25 11:19:14.594672
38,12,5,15,2025-03-26 11:19:14.594672
27,88,3,18,2025-03-27 11:19:14.594672
40,124,5,1,2025-03-28 11:19:14.594672
34,117,2,16,2025-03-29 11:19:14.594672
46,53,2,8,2025-03-30 11:19:14.594672
47,184,2,16,2025-03-31 11:19:14.594672
17,115,3,14,2025-04-01 11:19:14.594672
13,117,1,6,2025-04-02 11:19:14.594672
34,3,3,18,2025-04-03 11:19:14.594672
43,74,3,2,2025-04-04 11:19:14.594672
40,48,4,0,2025-04-05 11:19:14.594672
6,6,4,3,2025-04-06 11:19:14.594672
40,109,3,17,2025-04-07 11:19:14.594672
12,121,5,7,2025-04-08 11:19:14.594672
17,10,4,18,2025-04-09 11:19:14.594672
36,91,3,5,2025-04-10 11:19:14.594672
12,181,1,0,2025-04-11 11:19:14.594672
35,172,5,7,2025-04-12 11:19:14.594672
30,22,2,0,2025-04-13 11:19:14.594672
1,27,3,18,2025-04-14 11:19:14.594672
15,110,3,10,2025-04-15 11:19:14.594672
8,56,5,14,2025-04-16 11:19:14.594672
8,25,4,10,2025-04-17 11:19:14.594672
37,152,4,18,2025-04-18 11:19:14.594672
10,53,4,9,2025-04-19 11:19:14.594672
21,28,2,11,2025-04-20 11:19:14.594672
32,96,5,0,2025-04-21 11:19:14.594672
35,163,5,6,2025-04-22 11:19:14.594672
44,13,4,16,2025-04-23 11:19:14.594672
22,77,4,9,2025-04-24 11:19:14.594672
44,34,1,5,2025-04-25 11:19:14.594672
44,29,1,16,2025-04-26 11:19:14.594672
33,91,3,17,2025-04-27 11:19:14.594672
8,16,3,4,2025-04-28 11:19:14.594672
23,194,5,17,2025-04-29 11:19:14.594672
7,157,5,16,2025-04-30 11:19:14.594672
6,92,2,15,2025-05-01 11:19:14.594672
35,172,2,7,2025-05-02 11:19:14.594672
17,78,1,12,2025-05-03 11:19:14.594672
2,109,3,15,2025-05-04 11:19:14.594672
27,178,1,10,2025-05-05 11:19:14.594672
5,101,1,5,2025-05-06 11:19:14.594672
43,105,3,2,2025-05-07 11:19:14.594672
43,46,2,0,2025-05-08 11:19:14.594672
20,180,3,17,2025-05-09 11:19:14.594672
27,63,4,4,2025-05-10 11:19:14.594672
39,165,4,12,2025-05-11 11:19:14.594672
0,63,4,9,2025-05-12 11:19:14.594672
35,86,5,4,2025-05-13 11:19:14.594672
20,6,2,13,2025-05-14 11:19:14.594672
42,21,2,16,2025-05-15 11:19:14.594672
34,80,5,0,2025-05-16 11:19:14.594672
12,168,1,1,2025-05-17 11:19:14.594672
48,73,4,6,2025-05-18 11:19:14.594672
9,137,4,9,2025-05-19 11:19:14.594672
43,184,1,19,2025-05-20 11:19:14.594672
46,134,3,6,2025-05-21 11:19:14.594672
9,124,3,15,2025-05-22 11:19:14.594672
45,49,2,4,2025-05-23 11:19:14.594672
12,51,5,11,2025-05-24 11:19:14.594672
36,160,2,16,2025-05-25 11:19:14.594672
37,0,3,15,2025-05-26 11:19:14.594672
23,180,1,19,2025-05-27 11:19:14.594672
1,187,2,15,2025-05-28 11:19:14.594672
21,161,4,18,2025-05-29 11:19:14.594672
16,3,4,14,2025-05-30 11:19:14.594672
35,144,1,11,2025-05-31 11:19:14.594672
13,131,3,9,2025-06-01 11:19:14.594672
9,170,4,1,2025-06-02 11:19:14.594672
34,3,4,6,2025-06-03 11:19:14.594672
24,0,5,12,2025-06-04 11:19:14.594672
2,70,2,2,2025-06-05 11:19:14.594672
46,177,3,14,2025-06-06 11:19:14.594672
37,188,2,0,2025-06-07 11:19:14.594672
16,34,3,2,2025-06-08 11:19:14.594672
11,7,4,9,2025-06-09 11:19:14.594672
23,151,5,14,2025-06-10 11:19:14.594672
28,35,2,5,2025-06-11 11:19:14.594672
42,177,4,19,2025-06-12 11:19:14.594672
24,122,3,14,2025-06-13 11:19:14.594672
35,42,2,6,2025-06-14 11:19:14.594672
25,26,2,4,2025-06-15 11:19:14.594672
37,31,4,3,2025-06-16 11:19:14.594672
0,77,2,17,2025-06-17 11:19:14.594672
19,120,5,2,2025-06-18 11:19:14.594672
27,145,5,16,2025-06-19 11:19:14.594672
15,155,4,17,2025-06-20 11:19:14.594672
46,156,3,17,2025-06-21 11:19:14.594672
16,15,4,1,2025-06-22 11:19:14.594672
39,98,5,12,2025-06-23 11:19:14.594672
27,46,1,14,2025-06-24 11:19:14.594672
11,186,1,4,2025-06-25 11:19:14.594672
26,30,2,2,2025-06-26 11:19:14.594672
41,3,2,4,2025-06-27 11:19:14.594672
46,164,1,4,2025-06-28 11:19:14.594672
29,16,5,4,2025-06-29 11:19:14.594672
40,38,2,2,2025-06-30 11:19:14.594672
33,47,4,2,2025-07-01 11:19:14.594672
36,173,4,19,2025-07-02 11:19:14.594672
5,175,5,17,2025-07-03 11:19:14.594672
6,38,2,19,2025-07-04 11:19:14.594672
31,131,4,3,2025-07-05 11:19:14.594672
31,29,2,0,2025-07-06 11:19:14.594672
24,157,2,15,2025-07-07 11:19:14.594672
32,21,4,7,2025-07-08 11:19:14.594672
6,65,1,16,2025-07-09 11:19:14.594672
11,107,4,7,2025-07-10 11:19:14.594672
15,11,5,6,2025-07-11 11:19:14.594672
15,35,3,7,2025-07-12 11:19:14.594672
42,17,4,11,2025-07-13 11:19:14.594672
35,89,2,15,2025-07-14 11:19:14.594672
12,180,2,11,2025-07-15 11:19:14.594672
6,198,4,18,2025-07-16 11:19:14.594672
35,0,3,9,2025-07-17 11:19:14.594672
46,126,4,6,2025-07-18 11:19:14.594672
8,185,3,11,2025-07-19 11:19:14.594672
31,89,3,19,2025-07-20 11:19:14.594672
10,86,5,4,2025-07-21 11:19:14.594672
7,89,2,15,2025-07-22 11:19:14.594672
32,133,2,8,2025-07-23 11:19:14.594672
22,69,3,6,2025-07-24 11:19:14.594672
24,43,2,19,2025-07-25 11:19:14.594672
7,199,1,13,2025-07-26 11:19:14.594672
44,151,3,10,2025-07-27 11:19:14.594672
21,85,2,6,2025-07-28 11:19:14.594672
3,18,1,9,2025-07-29 11:19:14.594672
39,100,5,8,2025-07-30 11:19:14.594672
2,145,2,3,2025-07-31 11:19:14.594672
28,94,1,15,2025-08-01 11:19:14.594672
40,100,4,9,2025-08-02 11:19:14.594672
28,29,4,18,2025-08-03 11:19:14.594672
33,169,1,16,2025-08-04 11:19:14.594672
33,32,3,8,2025-08-05 11:19:14.594672
27,11,3,12,2025-08-06 11:19:14.594672
12,117,2,0,2025-08-07 11:19:14.594672
14,93,4,1,2025-08-08 11:19:14.594672
22,154,3,12,2025-08-09 11:19:14.594672
43,166,3,8,2025-08-10 11:19:14.594672
25,136,4,6,2025-08-11 11:19:14.594672
3,148,5,15,2025-08-12 11:19:14.594672
25,75,3,18,2025-08-13 11:19:14.594672
39,28,1,6,2025-08-14 11:19:14.594672
8,160,2,5,2025-08-15 11:19:14.594672
4,189,3,17,2025-08-16 11:19:14.594672
31,116,3,18,2025-08-17 11:19:14.594672
19,14,5,10,2025-08-18 11:19:14.594672
49,1,1,11,2025-08-19 11:19:14.594672
10,179,2,9,2025-08-20 11:19:14.594672
14,116,3,12,2025-08-21 11:19:14.594672
31,171,2,11,2025-08-22 11:19:14.594672
27,181,4,9,2025-08-23 11:19:14.594672
21,17,3,19,2025-08-24 11:19:14.594672
40,2,3,17,2025-08-25 11:19:14.594672
16,134,4,3,2025-08-26 11:19:14.594672
25,170,5,4,2025-08-27 11:19:14.594672
43,165,3,4,2025-08-28 11:19:14.594672
6,164,2,11,2025-08-29 11:19:14.594672
41,185,1,2,2025-08-30 11:19:14.594672
25,160,2,7,2025-08-31 11:19:14.594672
24,107,5,1,2025-09-01 11:19:14.594672
9,186,1,17,2025-09-02 11:19:14.594672
44,94,2,8,2025-09-03 11:19:14.594672
18,121,2,12,2025-09-04 11:19:14.594672
10,10,4,6,2025-09-05 11:19:14.594672
12,67,5,9,2025-09-06 11:19:14.594672
7,122,4,8,2025-09-07 11:19:14.594672
39,195,1,14,2025-09-08 11:19:14.594672
3,112,4,4,2025-09-09 11:19:14.594672
46,97,5,11,2025-09-10 11:19:14.594672
30,92,3,0,2025-09-11 11:19:14.594672
27,21,3,11,2025-09-12 11:19:14.594672
10,193,1,5,2025-09-13 11:19:14.594672
42,171,3,18,2025-09-14 11:19:14.594672
0,126,4,18,2025-09-15 11:19:14.594672
48,133,1,15,2025-09-16 11:19:14.594672
46,169,5,18,2025-09-17 11:19:14.594672
37,24,1,2,2025-09-18 11:19:14.594672
23,184,1,9,2025-09-19 11:19:14.594672
46,84,2,17,2025-09-20 11:19:14.594672
30,54,2,12,2025-09-21 11:19:14.594672
40,143,1,17,2025-09-22 11:19:14.594672
45,94,3,2,2025-09-23 11:19:14.594672
49,141,2,2,2025-09-24 11:19:14.594672
25,166,5,11,2025-09-25 11:19:14.594672
48,155,4,19,2025-09-26 11:19:14.594672
49,178,2,6,2025-09-27 11:19:14.594672
4,118,1,7,2025-09-28 11:19:14.594672
19,176,3,8,2025-09-29 11:19:14.594672
40,8,4,13,2025-09-30 11:19:14.594672
10,185,2,4,2025-10-01 11:19:14.594672
32,172,3,18,2025-10-02 11:19:14.594672
49,149,3,15,2025-10-03 11:19:14.594672
37,159,3,11,2025-10-04 11:19:14.594672
26,196,1,3,2025-10-05 11:19:14.594672
33,196,5,7,2025-10-06 11:19:14.594672
14,41,3,6,2025-10-07 11:19:14.594672
31,52,4,14,2025-10-08 11:19:14.594672
20,186,2,5,2025-10-09 11:19:14.594672
45,73,4,4,2025-10-10 11:19:14.594672
4,38,1,13,2025-10-11 11:19:14.594672
5,121,1,12,2025-10-12 11:19:14.594672
37,14,4,9,2025-10-13 11:19:14.594672
21,198,5,17,2025-10-14 11:19:14.594672
17,156,1,3,2025-10-15 11:19:14.594672
13,122,1,7,2025-10-16 11:19:14.594672
9,110,4,10,2025-10-17 11:19:14.594672
45,130,1,16,2025-10-18 11:19:14.594672
12,82,5,17,2025-10-19 11:19:14.594672
30,9,5,10,2025-10-20 11:19:14.594672
29,91,5,15,2025-10-21 11:19:14.594672
2,28,2,11,2025-10-22 11:19:14.594672
29,34,5,12,2025-10-23 11:19:14.594672
5,5,5,15,2025-10-24 11:19:14.594672
28,139,2,0,2025-10-25 11:19:14.594672
7,110,3,15,2025-10-26 11:19:14.594672
43,37,1,14,2025-10-27 11:19:14.594672
44,76,5,5,2025-10-28 11:19:14.594672
42,92,1,11,2025-10-29 11:19:14.594672
43,146,4,7,2025-10-30 11:19:14.594672
32,66,1,6,2025-10-31 11:19:14.594672
16,135,2,1,2025-11-01 11:19:14.594672
47,7,1,11,2025-11-02 11:19:14.594672
10,121,1,13,2025-11-03 11:19:14.594672
12,83,1,15,2025-11-04 11:19:14.594672
49,174,3,10,2025-11-05 11:19:14.594672
10,131,3,19,2025-11-06 11:19:14.594672
30,178,4,8,2025-11-07 11:19:14.594672
27,84,2,9,2025-11-08 11:19:14.594672
43,194,1,16,2025-11-09 11:19:14.594672
5,44,1,11,2025-11-10 11:19:14.594672
40,135,1,5,2025-11-11 11:19:14.594672
15,86,1,18,2025-11-12 11:19:14.594672
3,15,3,10,2025-11-13 11:19:14.594672
34,76,4,8,2025-11-14 11:19:14.594672
47,194,5,5,2025-11-15 11:19:14.594672
25,8,2,15,2025-11-16 11:19:14.594672
11,59,1,19,2025-11-17 11:19:14.594672
10,77,4,15,2025-11-18 11:19:14.594672
36,76,5,5,2025-11-19 11:19:14.594672
24,70,4,4,2025-11-20 11:19:14.594672
17,14,3,3,2025-11-21 11:19:14.594672
18,70,5,1,2025-11-22 11:19:14.594672
22,101,4,5,2025-11-23 11:19:14.594672
37,168,3,8,2025-11-24 11:19:14.594672
17,21,4,16,2025-11-25 11:19:14.594672
25,151,4,13,2025-11-26 11:19:14.594672
5,112,5,6,2025-11-27 11:19:14.594672
3,171,3,18,2025-11-28 11:19:14.594672
43,0,1,0,2025-11-29 11:19:14.594672
28,9,2,19,2025-11-30 11:19:14.594672
33,109,5,14,2025-12-01 11:19:14.594672
16,199,3,17,2025-12-02 11:19:14.594672
42,183,4,2,2025-12-03 11:19:14.594672
42,112,3,17,2025-12-04 11:19:14.594672
15,49,2,1,2025-12-05 11:19:14.594672
1,11,2,9,2025-12-06 11:19:14.594672
33,88,1,10,2025-12-07 11:19:14.594672
7,187,1,2,2025-12-08 11:19:14.594672
12,153,2,6,2025-12-09 11:19:14.594672
41,111,5,7,2025-12-10 11:19:14.594672
7,77,5,18,2025-12-11 11:19:14.594672
29,168,4,17,2025-12-12 11:19:14.594672
31,163,1,12,2025-12-13 11:19:14.594672
35,120,4,12,2025-12-14 11:19:14.594672
46,22,1,18,2025-12-15 11:19:14.594672
29,170,2,11,2025-12-16 11:19:14.594672
0,133,5,16,2025-12-17 11:19:14.594672
42,196,5,11,2025-12-18 11:19:14.594672
38,170,2,12,2025-12-19 11:19:14.594672
16,24,4,11,2025-12-20 11:19:14.594672
19,17,4,18,2025-12-21 11:19:14.594672
23,189,3,13,2025-12-22 11:19:14.594672
49,140,1,6,2025-12-23 11:19:14.594672
21,42,4,12,2025-12-24 11:19:14.594672
28,77,2,5,2025-12-25 11:19:14.594672
21,27,4,18,2025-12-26 11:19:14.594672
43,145,5,18,2025-12-27 11:19:14.594672
8,58,1,3,2025-12-28 11:19:14.594672
36,187,3,18,2025-12-29 11:19:14.594672
9,62,1,8,2025-12-30 11:19:14.594672
35,184,5,15,2025-12-31 11:19:14.594672
36,91,5,3,2026-01-01 11:19:14.594672
27,178,5,5,2026-01-02 11:19:14.594672
27,55,5,7,2026-01-03 11:19:14.594672
41,154,2,15,2026-01-04 11:19:14.594672
42,159,3,4,2026-01-05 11:19:14.594672
20,110,5,9,2026-01-06 11:19:14.594672
23,136,5,12,2026-01-07 11:19:14.594672
41,67,4,13,2026-01-08 11:19:14.594672
39,45,3,6,2026-01-09 11:19:14.594672
1,66,1,19,2026-01-10 11:19:14.594672
7,153,3,5,2026-01-11 11:19:14.594672
47,135,3,6,2026-01-12 11:19:14.594672
26,5,3,4,2026-01-13 11:19:14.594672
21,23,5,17,2026-01-14 11:19:14.594672
36,175,5,11,2026-01-15 11:19:14.594672
26,93,2,5,2026-01-16 11:19:14.594672
28,172,1,0,2026-01-17 11:19:14.594672
2,12,4,3,2026-01-18 11:19:14.594672
43,196,3,18,2026-01-19 11:19:14.594672
12,24,1,11,2026-01-20 11:19:14.594672
44,147,1,14,2026-01-21 11:19:14.594672
9,117,2,2,2026-01-22 11:19:14.594672
35,81,4,19,2026-01-23 11:19:14.594672
8,110,3,7,2026-01-24 11:19:14.594672
26,81,4,10,2026-01-25 11:19:14.594672
33,65,2,15,2026-01-26 11:19:14.594672
0,44,5,8,2026-01-27 11:19:14.594672
31,113,1,2,2026-01-28 11:19:14.594672
24,174,3,4,2026-01-29 11:19:14.594672
28,62,5,19,2026-01-30 11:19:14.594672
6,75,2,13,2026-01-31 11:19:14.594672
48,113,4,14,2026-02-01 11:19:14.594672
2,110,1,5,2026-02-02 11:19:14.594672
19,182,3,3,2026-02-03 11:19:14.594672
19,146,5,7,2026-02-04 11:19:14.594672
29,34,5,18,2026-02-05 11:19:14.594672
34,52,1,4,2026-02-06 11:19:14.594672
34,25,4,12,2026-02-07 11:19:14.594672
48,13,2,15,2026-02-08 11:19:14.594672
38,117,4,0,2026-02-09 11:19:14.594672
26,44,4,12,2026-02-10 11:19:14.594672
25,171,4,10,2026-02-11 11:19:14.594672
13,192,1,7,2026-02-12 11:19:14.594672
16,50,1,7,2026-02-13 11:19:14.594672
17,170,2,13,2026-02-14 11:19:14.594672
44,118,4,12,2026-02-15 11:19:14.594672
28,150,1,2,2026-02-16 11:19:14.594672
19,183,2,3,2026-02-17 11:19:14.594672
26,18,2,19,2026-02-18 11:19:14.594672
17,81,4,14,2026-02-19 11:19:14.594672
3,75,3,14,2026-02-20 11:19:14.594672
0,182,4,12,2026-02-21 11:19:14.594672
49,91,3,8,2026-02-22 11:19:14.594672
0,187,2,9,2026-02-23 11:19:14.594672
25,186,1,11,2026-02-24 11:19:14.594672
44,32,5,13,2026-02-25 11:19:14.594672
19,146,2,0,2026-02-26 11:19:14.594672
22,27,1,13,2026-02-27 11:19:14.594672
9,122,2,13,2026-02-28 11:19:14.594672
10,179,4,7,2026-03-01 11:19:14.594672
40,125,3,15,2026-03-02 11:19:14.594672
40,176,2,13,2026-03-03 11:19:14.594672
4,36,1,0,2026-03-04 11:19:14.594672
0,153,4,15,2026-03-05 11:19:14.594672
16,98,5,17,2026-03-06 11:19:14.594672
21,97,4,6,2026-03-07 11:19:14.594672
33,126,3,14,2026-03-08 11:19:14.594672
44,167,4,16,2026-03-09 11:19:14.594672
40,79,5,18,2026-03-10 11:19:14.594672
28,37,1,12,2026-03-11 11:19:14.594672
3,76,2,8,2026-03-12 11:19:14.594672
4,125,3,14,2026-03-13 11:19:14.594672
10,86,5,2,2026-03-14 11:19:14.594672
20,53,3,0,2026-03-15 11:19:14.594672
34,149,4,15,2026-03-16 11:19:14.594672
11,15,3,7,2026-03-17 11:19:14.594672
25,27,5,12,2026-03-18 11:19:14.594672
18,162,2,7,2026-03-19 11:19:14.594672
44,187,2,16,2026-03-20 11:19:14.594672
6,172,3,13,2026-03-21 11:19:14.594672
46,45,1,6,2026-03-22 11:19:14.594672
6,71,3,14,2026-03-23 11:19:14.594672
25,182,4,15,2026-03-24 11:19:14.594672
39,84,2,18,2026-03-25 11:19:14.594672
4,25,2,5,2026-03-26 11:19:14.594672
20,84,2,0,2026-03-27 11:19:14.594672
13,152,1,11,2026-03-28 11:19:14.594672
3,64,1,17,2026-03-29 11:19:14.594672
22,133,5,15,2026-03-30 11:19:14.594672
41,150,3,11,2026-03-31 11:19:14.594672
19,114,3,19,2026-04-01 11:19:14.594672
14,63,4,12,2026-04-02 11:19:14.594672
49,86,2,7,2026-04-03 11:19:14.594672
44,170,1,0,2026-04-04 11:19:14.594672
28,106,4,6,2026-04-05 11:19:14.594672
7,150,4,14,2026-04-06 11:19:14.594672
40,95,1,12,2026-04-07 11:19:14.594672
47,157,3,12,2026-04-08 11:19:14.594672
18,76,2,8,2026-04-09 11:19:14.594672
47,145,3,14,2026-04-10 11:19:14.594672
38,86,4,3,2026-04-11 11:19:14.594672
45,148,2,12,2026-04-12 11:19:14.594672
27,56,5,11,2026-04-13 11:19:14.594672
45,102,4,4,2026-04-14 11:19:14.594672
26,150,3,6,2026-04-15 11:19:14.594672
3,90,3,7,2026-04-16 11:19:14.594672
14,44,3,4,2026-04-17 11:19:14.594672
34,171,1,8,2026-04-18 11:19:14.594672
36,87,4,13,2026-04-19 11:19:14.594672
0,114,2,11,2026-04-20 11:19:14.594672
2,46,3,3,2026-04-21 11:19:14.594672
46,167,3,19,2026-04-22 11:19:14.594672
23,178,1,7,2026-04-23 11:19:14.594672
26,169,2,16,2026-04-24 11:19:14.594672
39,134,4,7,2026-04-25 11:19:14.594672
35,49,5,0,2026-04-26 11:19:14.594672
33,175,1,19,2026-04-27 11:19:14.594672
28,83,4,1,2026-04-28 11:19:14.594672
23,90,5,3,2026-04-29 11:19:14.594672
23,133,3,0,2026-04-30 11:19:14.594672
41,90,3,6,2026-05-01 11:19:14.594672
3,136,2,0,2026-05-02 11:19:14.594672
2,108,5,8,2026-05-03 11:19:14.594672
33,56,3,2,2026-05-04 11:19:14.594672
48,30,3,11,2026-05-05 11:19:14.594672
22,20,2,18,2026-05-06 11:19:14.594672
22,89,4,14,2026-05-07 11:19:14.594672
44,39,3,15,2026-05-08 11:19:14.594672
4,111,1,9,2026-05-09 11:19:14.594672
30,44,1,5,2026-05-10 11:19:14.594672
40,76,4,16,2026-05-11 11:19:14.594672
5,176,5,16,2026-05-12 11:19:14.594672
36,86,2,18,2026-05-13 11:19:14.594672
9,147,1,17,2026-05-14 11:19:14.594672
39,100,1,10,2026-05-15 11:19:14.594672
6,116,4,6,2026-05-16 11:19:14.594672
38,91,5,9,2026-05-17 11:19:14.594672
37,144,5,6,2026-05-18 11:19:14.594672
20,27,4,4,2026-05-19 11:19:14.594672
19,168,1,11,2026-05-20 11:19:14.594672
2,193,2,15,2026-05-21 11:19:14.594672
21,24,1,17,2026-05-22 11:19:14.594672
46,57,5,2,2026-05-23 11:19:14.594672
3,40,1,19,2026-05-24 11:19:14.594672
27,133,2,14,2026-05-25 11:19:14.594672
11,74,3,4,2026-05-26 11:19:14.594672
37,37,1,12,2026-05-27 11:19:14.594672
35,133,4,18,2026-05-28 11:19:14.594672
46,172,3,11,2026-05-29 11:19:14.594672
40,74,4,4,2026-05-30 11:19:14.594672
4,141,4,5,2026-05-31 11:19:14.594672
